category,title,flag,decision,decision_reason,expected_impact,effort,prerequisites,execution_owner,proof_required,kpi,phase
"Search engines","A1. On-page optimization (title tag, H1, intro, entity coverage)","WORKS","EXECUTE_NOW","Matching the page's title, heading, opening paragraph and body entities to the query the page is actually trying to win. It fits the current site's data assets or fixes a prerequisite that blocks search discovery, so it enters the first executable program.","Medium: 0–100 visits/month on its own.","Medium (216 pages, auditable by script; rewriting is the slo","Fixed article inventory, GSC/Bing query export, URL-level quality rubric, and rollback-safe change list.","SEO/content lead","Exact changed URL cohort, link/content diff, green build, live verification, then 28/56-day search comparison.","Indexed-query count, non-brand impressions, average position, organic clicks, and orphan-depth reduction.","PHASE_1_FOUNDATION"
"Search engines","A2. Technical SEO baseline (indexability, canonicals, sitemap, robots)","WORKS","EXECUTE_NOW","Ensuring Google can crawl, render, canonicalize and index every page you want indexed and nothing you don't. It fits the current site's data assets or fixes a prerequisite that blocks search discovery, so it enters the first executable program.","High: 0 visits/month directly.","Low–Medium (one-time).","Current live URL inventory, schema/indexing baseline, and production-safe validation path.","Engineering/technical SEO","Automated build/schema tests plus live rendered markup, status, canonical, and search-console/indexing evidence.","Valid indexed URLs, eligible enhancements, crawl latency, impressions, and clicks.","PHASE_1_FOUNDATION"
"Search engines","A3. Long-tail / low-competition query targeting","SITUATIONAL","EXECUTE_NOW","Deliberately targeting low-volume, low-competition queries where a zero-authority domain can actually rank, instead of head terms owned by Healthline and Allrecipes. It fits the current site's data assets or fixes a prerequisite that blocks search discovery, so it enters the first executable program.","High: 0–30 visits/month for the first ~6 months, then 100–800/month by month 12–18 if the site accumulates any authority at all.","Ongoing; Medium per article.","Fixed article inventory, GSC/Bing query export, URL-level quality rubric, and rollback-safe change list.","SEO/content lead","Exact changed URL cohort, link/content diff, green build, live verification, then 28/56-day search comparison.","Indexed-query count, non-brand impressions, average position, organic clicks, and orphan-depth reduction.","PHASE_1_FOUNDATION"
"Search engines","A4. Topic clusters / pillar-and-spoke architecture","WORKS","EXECUTE_NOW","One comprehensive pillar page per major topic surrounded by narrow spoke articles, all mutually linked, demonstrating depth on a subject. It fits the current site's data assets or fixes a prerequisite that blocks search discovery, so it enters the first executable program.","High: 0–50 visits/month in year one from the pillars themselves.","High (weeks) for genuine pillars.","Fixed article inventory, GSC/Bing query export, URL-level quality rubric, and rollback-safe change list.","SEO/content lead","Exact changed URL cohort, link/content diff, green build, live verification, then 28/56-day search comparison.","Indexed-query count, non-brand impressions, average position, organic clicks, and orphan-depth reduction.","PHASE_1_FOUNDATION"
"Search engines","A5. Internal linking (contextual, in-prose)","WORKS","EXECUTE_NOW","Links from the body copy of one article to another, with descriptive anchor text. It fits the current site's data assets or fixes a prerequisite that blocks search discovery, so it enters the first executable program.","High: 0–200 visits/month within 3–6 months.","Medium (candidate generation scriptable; anchor quality need","Fixed article inventory, GSC/Bing query export, URL-level quality rubric, and rollback-safe change list.","SEO/content lead","Exact changed URL cohort, link/content diff, green build, live verification, then 28/56-day search comparison.","Indexed-query count, non-brand impressions, average position, organic clicks, and orphan-depth reduction.","PHASE_1_FOUNDATION"
"Search engines","A6. Content refreshing and re-dating","WORKS","QUEUE","Updating an existing article and its visible/structured date so it reads as current. The method is credible but ranks below the first two phases on expected return, current readiness, or marginal effort; it stays visible in the queue rather than being discarded.","Medium: 0 in year one (nothing ranks yet to refresh).","Low per article if the pipeline regenerates numbers; Ongoing","Fixed article inventory, GSC/Bing query export, URL-level quality rubric, and rollback-safe change list.","SEO/content lead","Exact changed URL cohort, link/content diff, green build, live verification, then 28/56-day search comparison.","Indexed-query count, non-brand impressions, average position, organic clicks, and orphan-depth reduction.","PHASE_3_QUEUE"
"Search engines","A7. Keyword cannibalization fixes (consolidation / merging)","SITUATIONAL","DEPENDENCY","When several of your pages target one query, Google may rotate between them and rank none well; the fix is to merge or clearly differentiate them. It is valid only after the named audience, ranking, platform, data, or format gate exists; starting earlier would consume capacity without a fair success test.","Medium: 0–50 visits/month.","Medium.","Do not start until its gate is met. Fixed article inventory, GSC/Bing query export, URL-level quality rubric, and rollback-safe change list.","SEO/content lead","Exact changed URL cohort, link/content diff, green build, live verification, then 28/56-day search comparison.","Indexed-query count, non-brand impressions, average position, organic clicks, and orphan-depth reduction.","PHASE_4_AFTER_DEPENDENCY"
"Search engines","A8. Index bloat pruning / content pruning","SITUATIONAL","EXECUTE_NOW","Deleting, noindexing or consolidating low-quality pages so the site's average quality rises. It fits the current site's data assets or fixes a prerequisite that blocks search discovery, so it enters the first executable program.","High: 0 immediately; potentially the unlock for everything else.","High (requires honest judgment across 216 pages).","Fixed article inventory, GSC/Bing query export, URL-level quality rubric, and rollback-safe change list.","SEO/content lead","Exact changed URL cohort, link/content diff, green build, live verification, then 28/56-day search comparison.","Indexed-query count, non-brand impressions, average position, organic clicks, and orphan-depth reduction.","PHASE_1_FOUNDATION"
"Search engines","A9. Crawl budget optimization","MYTH","REJECT","Reject as a false priority for a 216-page site. Crawl-budget tuning is for very large or crawl-constrained sites; this site's problem is value and authority, not Googlebot capacity.","None; avoided waste, spam risk, or brand dilution.","N/A.","None; retain this decision in the register and re-open only if the underlying platform or business model changes.","Program lead (documented exclusion)","No execution. Quarterly review only if a named external condition changes.","Zero spend and zero implementation time.","NOT_SCHEDULED"
"Search engines","A10. Core Web Vitals / page experience","SITUATIONAL","EXECUTE_NOW","LCP, INP and CLS thresholds as a small ranking input and a real UX factor. It fits the current site's data assets or fixes a prerequisite that blocks search discovery, so it enters the first executable program.","Medium: 0 visits/month.","Low (verify only).","Named owner, baseline measurement, and a bounded acceptance test.","Engineering/technical SEO","Before/after artifact plus dated analytics evidence on a fixed URL or asset cohort.","Qualified organic sessions and conversions attributable to the fixed cohort.","PHASE_1_FOUNDATION"
"Search engines","A11. E-E-A-T signals (author identity, credentials, sourcing, About/Contact)","WORKS","EXECUTE_NOW","Experience, Expertise, Authoritativeness, Trust — the quality-rater framework Google uses to evaluate and train its systems. It fits the current site's data assets or fixes a prerequisite that blocks search discovery, so it enters the first executable program.","High: 0 direct visits/month.","Medium.","Editorial template, David Miller voice guardrails, answer-first rule, and a fixed before/after content cohort.","SEO/content lead","Template/content diff, editorial QA, live page, and controlled CTR/engagement comparison where volume permits.","SERP/social CTR, scroll depth, shares, saves, assisted clicks, and return visits.","PHASE_1_FOUNDATION"
"Search engines","A12. Original data / statistics as a ranking and link asset","WORKS","EXECUTE_NOW","Publishing proprietary numbers nobody else has — simultaneously a ranking play and the most reliable passive link-acquisition mechanism that exists. It fits the current site's data assets or fixes a prerequisite that blocks search discovery, so it enters the first executable program.","High: 0–100 visits/month direct in the first months, but the highest-variance item in this report: a single pickup by a mainstream personal-finance writer changes the site's entire authority trajectory.","Medium — the data exists; the packaging (sortable table, cha","Reproducible source data, methodology, date/location scope, citations, and a refresh owner.","SEO/content lead","Published dataset/methodology, reproducibility check, live page, and tracked citations/referring domains.","Dataset downloads, citations, referring domains, non-brand impressions, and qualified sessions.","PHASE_1_FOUNDATION"
"Search engines","B1. Featured snippet (position zero)","SITUATIONAL","DEPENDENCY","An extracted answer box above the organic results, pulled from a page that already ranks in the top ~10. It is valid only after the named audience, ranking, platform, data, or format gate exists; starting earlier would consume capacity without a fair success test.","Medium: 0 visits/month until the site ranks top-10 for something.","Low (formatting discipline applied to new and refreshed arti","Do not start until its gate is met. Named owner, baseline measurement, and a bounded acceptance test.","SEO/content lead","Before/after artifact plus dated analytics evidence on a fixed URL or asset cohort.","Qualified organic sessions and conversions attributable to the fixed cohort.","PHASE_4_AFTER_DEPENDENCY"
"Search engines","B2. People Also Ask (PAA)","SITUATIONAL","QUEUE","The expandable related-questions accordion; each expansion cites a source page. The method is credible but ranks below the first two phases on expected return, current readiness, or marginal effort; it stays visible in the queue rather than being discarded.","Medium: 0–40 visits/month.","Low.","Named owner, baseline measurement, and a bounded acceptance test.","SEO/content lead","Before/after artifact plus dated analytics evidence on a fixed URL or asset cohort.","Qualified organic sessions and conversions attributable to the fixed cohort.","PHASE_3_QUEUE"
"Search engines","B3. Image pack / Google Images results embedded in web SERP","WORKS","EXECUTE_NOW","A horizontal strip or grid of images inside the normal results page, each linking to the hosting page. It fits the current site's data assets or fixes a prerequisite that blocks search discovery, so it enters the first executable program.","High: 20–300 visits/month within 6 months if charts are made deliberately.","Medium (chart generation from the existing CSVs is scriptabl","Approved visual style, rights-safe source assets, target query/URL mapping, and image metadata standard.","Engineering/technical SEO","Rendered asset QA, unique image checks, live crawlability, image sitemap/markup evidence, and channel impressions.","Image impressions, image clicks, pin outbound clicks, Discover eligibility, and asset CTR.","PHASE_1_FOUNDATION"
"Search engines","B4. Google Images as a standalone traffic source","WORKS","EXECUTE_NOW","The Images vertical, plus Lens, as an entry point in its own right (distinct from B3's in-SERP image strip). It fits the current site's data assets or fixes a prerequisite that blocks search discovery, so it enters the first executable program.","Medium: 20–200 visits/month, low engagement quality.","Low–Medium.","Approved visual style, rights-safe source assets, target query/URL mapping, and image metadata standard.","Engineering/technical SEO","Rendered asset QA, unique image checks, live crawlability, image sitemap/markup evidence, and channel impressions.","Image impressions, image clicks, pin outbound clicks, Discover eligibility, and asset CTR.","PHASE_1_FOUNDATION"
"Search engines","B5. Video carousel / video results in web search","SITUATIONAL","DEPENDENCY","A row of video thumbnails inside the web SERP, in practice almost entirely YouTube. It is valid only after the named audience, ranking, platform, data, or format gate exists; starting earlier would consume capacity without a fair success test.","Medium: 0–20 visits/month to the website from video carousels.","High for self-hosted; Medium via YouTube.","Do not start until its gate is met. Validated format pilot, native-platform creative, account access, cadence capacity, and outbound measurement.","Distribution lead","Published pilot cohort with retention curve, view-to-profile rate, outbound clicks, and landing engagement.","3-second hold, completion rate, shares, profile visits, outbound clicks, and assisted conversions.","PHASE_4_AFTER_DEPENDENCY"
"Search engines","B6. Top Stories carousel","SITUATIONAL","DEPENDENCY","The news carousel at the top of results for newsworthy queries. It is valid only after the named audience, ranking, platform, data, or format gate exists; starting earlier would consume capacity without a fair success test.","Medium: 0 visits/month.","High (would require a real news cadence).","Do not start until its gate is met. Named owner, baseline measurement, and a bounded acceptance test.","SEO program lead","Before/after artifact plus dated analytics evidence on a fixed URL or asset cohort.","Qualified organic sessions and conversions attributable to the fixed cohort.","PHASE_4_AFTER_DEPENDENCY"
"Search engines","B7. Sitelinks","MYTH","REJECT","Reject as a controllable tactic. Google generates sitelinks algorithmically for established navigational demand, so there is no separate implementation beyond sound architecture already covered elsewhere.","None; avoided waste, spam risk, or brand dilution.","N/A.","None; retain this decision in the register and re-open only if the underlying platform or business model changes.","Program lead (documented exclusion)","No execution. Quarterly review only if a named external condition changes.","Zero spend and zero implementation time.","NOT_SCHEDULED"
"Search engines","B8. Knowledge panel / brand entity panel","MYTH","REJECT","Reject as a traffic project. A knowledge panel requires durable entity recognition and would serve mostly branded searches; it cannot create the missing non-brand demand.","None; avoided waste, spam risk, or brand dilution.","High, with a low success probability.","None; retain this decision in the register and re-open only if the underlying platform or business model changes.","Program lead (documented exclusion)","No execution. Quarterly review only if a named external condition changes.","Zero spend and zero implementation time.","NOT_SCHEDULED"
"Search engines","B9. Recipe rich results","WORKS","EXECUTE_NOW","The recipe carousel and rich snippet — image, star rating, cook time, calories — driven by Recipe structured data. It fits the current site's data assets or fixes a prerequisite that blocks search discovery, so it enters the first executable program.","High: 0–150 visits/month year one.","Medium (schema component in Astro + per-article frontmatter)","Current live URL inventory, schema/indexing baseline, and production-safe validation path.","Engineering/technical SEO","Automated build/schema tests plus live rendered markup, status, canonical, and search-console/indexing evidence.","Valid indexed URLs, eligible enhancements, crawl latency, impressions, and clicks.","PHASE_1_FOUNDATION"
"Search engines","B10. Local pack / map pack","DEAD","REJECT","Reject because the site has no local storefront or service-area intent. A map pack listing would be irrelevant and potentially misleading.","None; avoided waste, spam risk, or brand dilution.","N/A.","None; retain this decision in the register and re-open only if the underlying platform or business model changes.","Program lead (documented exclusion)","No execution. Quarterly review only if a named external condition changes.","Zero spend and zero implementation time.","NOT_SCHEDULED"
"Search engines","B11. FAQ rich results","DEAD","REJECT","Reject FAQ rich-result optimization because Google removed routine FAQ rich results for ordinary publishers. Keep useful FAQs for readers, but do not allocate work to the retired SERP feature.","None; avoided waste, spam risk, or brand dilution.","N/A — actively avoid.","None; retain this decision in the register and re-open only if the underlying platform or business model changes.","Program lead (documented exclusion)","No execution. Quarterly review only if a named external condition changes.","Zero spend and zero implementation time.","NOT_SCHEDULED"
"Search engines","B12. HowTo rich results","DEAD","REJECT","Reject HowTo rich-result optimization because Google retired the HowTo search appearance. Step content can remain, but the rich-result project has no live payoff.","None; avoided waste, spam risk, or brand dilution.","Unknown until scoped; estimate during prerequisite audit.","None; retain this decision in the register and re-open only if the underlying platform or business model changes.","Program lead (documented exclusion)","No execution. Quarterly review only if a named external condition changes.","Zero spend and zero implementation time.","NOT_SCHEDULED"
"Search engines","B13. Other structured-data appearances retired 2025–2026","DEAD","REJECT","Reject implementation of structured-data appearances that Google has retired. Maintaining unsupported markup adds complexity without an eligible result.","None; avoided waste, spam risk, or brand dilution.","Unknown until scoped; estimate during prerequisite audit.","None; retain this decision in the register and re-open only if the underlying platform or business model changes.","Program lead (documented exclusion)","No execution. Quarterly review only if a named external condition changes.","Zero spend and zero implementation time.","NOT_SCHEDULED"
"Search engines","C1. Google Discover","WORKS","EXECUTE_NOW","The personalized content feed in the Google app and on the Chrome mobile new-tab page (and, since 2025, on desktop), which pushes articles to users based on inferred interest rather than a query. It fits the current site's data assets or fixes a prerequisite that blocks search discovery, so it enters the first executable program.","High: This is the highest-variance channel available.","Low to become eligible; Ongoing to actually earn impressions","Named owner, baseline measurement, and a bounded acceptance test.","SEO/content lead","Before/after artifact plus dated analytics evidence on a fixed URL or asset cohort.","Qualified organic sessions and conversions attributable to the fixed cohort.","PHASE_1_FOUNDATION"
"Search engines","C2. Google News (News tab + Publisher Center)","SITUATIONAL","DEPENDENCY","The dedicated news vertical and app. It is valid only after the named audience, ranking, platform, data, or format gate exists; starting earlier would consume capacity without a fair success test.","Medium: 0 visits/month.","Low (nothing to do) or High (become a news publisher).","Do not start until its gate is met. 90-day calendar, monitoring trigger, query validation, reusable rapid-response brief, and source-update SLA.","SEO program lead","Publication before demand peak, timestamped trend/source evidence, indexed URL, and event-window analytics.","Time-to-publish, event-query impressions, clicks, referrals, shares, and links.","PHASE_4_AFTER_DEPENDENCY"
"Search engines","C3. Google Web Stories","SITUATIONAL","DEPENDENCY","AMP-based full-screen tappable story format, surfaced in Discover, Search and a dedicated carousel. It is valid only after the named audience, ranking, platform, data, or format gate exists; starting earlier would consume capacity without a fair success test.","Medium: 0–100 visits/month, declining.","Medium–High (AMP validity requirements, separate templating)","Do not start until its gate is met. Named owner, baseline measurement, and a bounded acceptance test.","Distribution lead","Before/after artifact plus dated analytics evidence on a fixed URL or asset cohort.","Qualified organic sessions and conversions attributable to the fixed cohort.","PHASE_4_AFTER_DEPENDENCY"
"Search engines","C4. Google Business Profile","DEAD","REJECT","Reject because the site is not a local business with a customer-facing location or service area. A Google Business Profile is not an organic-content channel here.","None; avoided waste, spam risk, or brand dilution.","Unknown until scoped; estimate during prerequisite audit.","None; retain this decision in the register and re-open only if the underlying platform or business model changes.","Program lead (documented exclusion)","No execution. Quarterly review only if a named external condition changes.","Zero spend and zero implementation time.","NOT_SCHEDULED"
"Search engines","C5. YouTube search (as a search engine, not a social platform)","SITUATIONAL","DEPENDENCY","YouTube is the second-largest search engine by query volume; its results also feed Google's video carousel (B5). It is valid only after the named audience, ranking, platform, data, or format gate exists; starting earlier would consume capacity without a fair success test.","Medium: 0–150 visits/month in year one.","High Ongoing (video is the most expensive content format), t","Do not start until its gate is met. Validated format pilot, native-platform creative, account access, cadence capacity, and outbound measurement.","Distribution lead","Published pilot cohort with retention curve, view-to-profile rate, outbound clicks, and landing engagement.","3-second hold, completion rate, shares, profile visits, outbound clicks, and assisted conversions.","PHASE_4_AFTER_DEPENDENCY"
"Search engines","C6. Google Dataset Search","WORKS","EXECUTE_NOW","A vertical search engine over datasets, populated entirely by schema.org/Dataset markup found on the open web. It fits the current site's data assets or fixes a prerequisite that blocks search discovery, so it enters the first executable program.","High: 5–80 visits/month direct — genuinely small.","Medium (schema plus a dataset landing page per CSV; the data","Current live URL inventory, schema/indexing baseline, and production-safe validation path.","Engineering/technical SEO","Automated build/schema tests plus live rendered markup, status, canonical, and search-console/indexing evidence.","Valid indexed URLs, eligible enhancements, crawl latency, impressions, and clicks.","PHASE_1_FOUNDATION"
"Search engines","C7. Google Shopping free listings / Merchant Center","SITUATIONAL","DEPENDENCY","Free product listings in the Shopping tab, fed by a Merchant Center product feed. It is valid only after the named audience, ranking, platform, data, or format gate exists; starting earlier would consume capacity without a fair success test.","Medium: Free product listings in the Shopping tab, fed by a Merchant Center product feed.","Unknown until scoped; estimate during prerequisite audit.","Do not start until its gate is met. Named owner, baseline measurement, and a bounded acceptance test.","SEO program lead","Before/after artifact plus dated analytics evidence on a fixed URL or asset cohort.","Qualified organic sessions and conversions attributable to the fixed cohort.","PHASE_4_AFTER_DEPENDENCY"
"Search engines","C8. Google Search Console URL Inspection / ""Request Indexing""","WORKS","MANUAL_EXTERNAL","Manually asking Google to crawl a specific URL. Execution requires a human-controlled third-party account, editorial judgment, or public placement, so it cannot be safely automated or silently performed by an agent.","Medium: 0 visits/month.","Low.","Current live URL inventory, schema/indexing baseline, and production-safe validation path.","Distribution/operator with account access","Automated build/schema tests plus live rendered markup, status, canonical, and search-console/indexing evidence.","Valid indexed URLs, eligible enhancements, crawl latency, impressions, and clicks.","PHASE_3_EXTERNAL"
"Search engines","D1. Bing (and by extension Yahoo, DuckDuckGo, AOL, Ecosia-outside-EU)","WORKS","EXECUTE_NOW","Microsoft's index, which also serves the organic results of several other engines. It fits the current site's data assets or fixes a prerequisite that blocks search discovery, so it enters the first executable program.","High: 50–500 visits/month within 6 months, including the DuckDuckGo/Yahoo/AOL/Ecosia downstream.","Low (a few hours, one time).","Named owner, baseline measurement, and a bounded acceptance test.","SEO program lead","Before/after artifact plus dated analytics evidence on a fixed URL or asset cohort.","Qualified organic sessions and conversions attributable to the fixed cohort.","PHASE_1_FOUNDATION"
"Search engines","D2. IndexNow","WORKS","EXECUTE_NOW","An open push protocol — you POST changed URLs and participating engines fetch them immediately, instead of waiting to be crawled. It fits the current site's data assets or fixes a prerequisite that blocks search discovery, so it enters the first executable program.","Medium: 0 additional visits/month by itself — it changes indexing latency, not ranking.","Low (under an hour; possibly one dashboard toggle).","Current live URL inventory, schema/indexing baseline, and production-safe validation path.","Engineering/technical SEO","Automated build/schema tests plus live rendered markup, status, canonical, and search-console/indexing evidence.","Valid indexed URLs, eligible enhancements, crawl latency, impressions, and clicks.","PHASE_1_FOUNDATION"
"Search engines","D3. DuckDuckGo","WORKS","DEPENDENCY","Privacy-focused engine, ~1.8% US share, organic results sourced principally from Bing with its own ranking layer and instant answers. It is valid only after the named audience, ranking, platform, data, or format gate exists; starting earlier would consume capacity without a fair success test.","Medium: 10–80 visits/month, already counted inside D1's estimate.","Zero (covered by D1).","Do not start until its gate is met. Named owner, baseline measurement, and a bounded acceptance test.","SEO program lead","Before/after artifact plus dated analytics evidence on a fixed URL or asset cohort.","Qualified organic sessions and conversions attributable to the fixed cohort.","PHASE_4_AFTER_DEPENDENCY"
"Search engines","D4. Yahoo Search","WORKS","DEPENDENCY","~2.9% US share; results served by Bing under a long-standing agreement. It is valid only after the named audience, ranking, platform, data, or format gate exists; starting earlier would consume capacity without a fair success test.","Medium: ~2.9% US share; results served by Bing under a long-standing agreement.","Unknown until scoped; estimate during prerequisite audit.","Do not start until its gate is met. Named owner, baseline measurement, and a bounded acceptance test.","SEO program lead","Before/after artifact plus dated analytics evidence on a fixed URL or asset cohort.","Qualified organic sessions and conversions attributable to the fixed cohort.","PHASE_4_AFTER_DEPENDENCY"
"Search engines","D5. Brave Search","SITUATIONAL","DEPENDENCY","Privacy engine bundled with the Brave browser, running its own independent index (one of the few genuine independents), with a Goggles re-ranking feature. It is valid only after the named audience, ranking, platform, data, or format gate exists; starting earlier would consume capacity without a fair success test.","Medium: 0–20 visits/month.","Zero (nothing to do).","Do not start until its gate is met. Named owner, baseline measurement, and a bounded acceptance test.","SEO program lead","Before/after artifact plus dated analytics evidence on a fixed URL or asset cohort.","Qualified organic sessions and conversions attributable to the fixed cohort.","PHASE_4_AFTER_DEPENDENCY"
"Search engines","D6. Ecosia and Qwant (and the Staan / European Search Index)","SITUATIONAL","DEPENDENCY","Two European privacy/eco engines that historically resold Bing and Google results, now jointly operating their own European index. It is valid only after the named audience, ranking, platform, data, or format gate exists; starting earlier would consume capacity without a fair success test.","Medium: 0–5 visits/month.","Zero.","Do not start until its gate is met. Reproducible source data, methodology, date/location scope, citations, and a refresh owner.","SEO program lead","Published dataset/methodology, reproducibility check, live page, and tracked citations/referring domains.","Dataset downloads, citations, referring domains, non-brand impressions, and qualified sessions.","PHASE_4_AFTER_DEPENDENCY"
"Search engines","D7. Yandex","DEAD","REJECT","Reject Yandex work because the site is English-only and US-focused, while projected traffic is negligible and largely outside the target market.","None; avoided waste, spam risk, or brand dilution.","Unknown until scoped; estimate during prerequisite audit.","None; retain this decision in the register and re-open only if the underlying platform or business model changes.","Program lead (documented exclusion)","No execution. Quarterly review only if a named external condition changes.","Zero spend and zero implementation time.","NOT_SCHEDULED"
"Search engines","D8. Baidu","DEAD","REJECT","Reject Baidu work because the site has no Chinese localization, hosting strategy, or China-market product; expected qualified US traffic is zero.","None; avoided waste, spam risk, or brand dilution.","Unknown until scoped; estimate during prerequisite audit.","None; retain this decision in the register and re-open only if the underlying platform or business model changes.","Program lead (documented exclusion)","No execution. Quarterly review only if a named external condition changes.","Zero spend and zero implementation time.","NOT_SCHEDULED"
"Search engines","D9. Naver","DEAD","REJECT","Reject Naver work because the site has no Korean-language portal content and Naver favors its own ecosystem. Expected qualified traffic is effectively zero.","None; avoided waste, spam risk, or brand dilution.","Unknown until scoped; estimate during prerequisite audit.","None; retain this decision in the register and re-open only if the underlying platform or business model changes.","Program lead (documented exclusion)","No execution. Quarterly review only if a named external condition changes.","Zero spend and zero implementation time.","NOT_SCHEDULED"
"Search engines","D10. Seznam.cz","DEAD","REJECT","Reject Seznam work because a US English food-economics site has no Czech market fit and the estimated return is single-digit visits.","None; avoided waste, spam risk, or brand dilution.","Unknown until scoped; estimate during prerequisite audit.","None; retain this decision in the register and re-open only if the underlying platform or business model changes.","Program lead (documented exclusion)","No execution. Quarterly review only if a named external condition changes.","Zero spend and zero implementation time.","NOT_SCHEDULED"
"Search engines","D11. Startpage","MYTH","REJECT","Reject a separate Startpage project because Startpage proxies Google results. Work on Google eligibility already covers it and no submission or optimization lever exists.","None; avoided waste, spam risk, or brand dilution.","Unknown until scoped; estimate during prerequisite audit.","None; retain this decision in the register and re-open only if the underlying platform or business model changes.","Program lead (documented exclusion)","No execution. Quarterly review only if a named external condition changes.","Zero spend and zero implementation time.","NOT_SCHEDULED"
"Search engines","D12. Mojeek","SITUATIONAL","MANUAL_EXTERNAL","A small UK-based engine with a genuinely independent crawler and index, no tracking. Execution requires a human-controlled third-party account, editorial judgment, or public placement, so it cannot be safely automated or silently performed by an agent.","Medium: 0–5 visits/month.","Minutes (one submission form).","Platform-rule review, account access, non-promotional contribution, approved evidence asset, and UTM plan.","Distribution/operator with account access","Public placement URL/screenshot, rule compliance, referral sessions, engagement, and any earned citation.","Accepted placements, referral sessions, engaged sessions, mentions, citations, and referring domains.","PHASE_3_EXTERNAL"
"Search engines","D13. Marginalia Search","SITUATIONAL","MANUAL_EXTERNAL","A non-commercial independent search engine that deliberately down-ranks commercial SEO-optimized content and surfaces small, text-heavy, non-commercial sites. Execution requires a human-controlled third-party account, editorial judgment, or public placement, so it cannot be safely automated or silently performed by an agent.","Medium: 0–2 visits/month.","Minutes (it has a submission form).","Platform-rule review, account access, non-promotional contribution, approved evidence asset, and UTM plan.","Distribution/operator with account access","Public placement URL/screenshot, rule compliance, referral sessions, engagement, and any earned citation.","Accepted placements, referral sessions, engaged sessions, mentions, citations, and referring domains.","PHASE_3_EXTERNAL"
"Search engines","D14. Wiby, Teclis, Right Dao, Yep, and the long tail of micro-engines","SITUATIONAL","MANUAL_EXTERNAL","A cluster of hobbyist and niche independent engines. Execution requires a human-controlled third-party account, editorial judgment, or public placement, so it cannot be safely automated or silently performed by an agent.","Medium: 0–5 visits/month combined.","Minutes total.","Platform-rule review, account access, non-promotional contribution, approved evidence asset, and UTM plan.","Distribution/operator with account access","Public placement URL/screenshot, rule compliance, referral sessions, engagement, and any earned citation.","Accepted placements, referral sessions, engaged sessions, mentions, citations, and referring domains.","PHASE_3_EXTERNAL"
"Search engines","E1. Pinterest search","SITUATIONAL","DEPENDENCY","Pinterest is functionally a visual search engine; users search ""cheap dinner ideas"" and pins rank on keyword relevance in title, description and board context, with a long content half-life measured in months. It is valid only after the named audience, ranking, platform, data, or format gate exists; starting earlier would consume capacity without a fair success test.","High: 0/month while suppressed.","Medium (the pipeline exists; the account remediation is the","Do not start until its gate is met. Named owner, baseline measurement, and a bounded acceptance test.","Distribution lead","Before/after artifact plus dated analytics evidence on a fixed URL or asset cohort.","Qualified organic sessions and conversions attributable to the fixed cohort.","PHASE_4_AFTER_DEPENDENCY"
"Search engines","E3. TikTok search","SITUATIONAL","DEPENDENCY","In-app search on TikTok, which a large minority of US consumers now use as a discovery tool, disproportionately for food. It is valid only after the named audience, ranking, platform, data, or format gate exists; starting earlier would consume capacity without a fair success test.","Medium: 0–50 visits/month, essentially all via a bio link.","High Ongoing (short-form video demands volume and native ton","Do not start until its gate is met. Validated format pilot, native-platform creative, account access, cadence capacity, and outbound measurement.","Distribution lead","Published pilot cohort with retention curve, view-to-profile rate, outbound clicks, and landing engagement.","3-second hold, completion rate, shares, profile visits, outbound clicks, and assisted conversions.","PHASE_4_AFTER_DEPENDENCY"
"Search engines","E4. Instagram search","SITUATIONAL","DEPENDENCY","In-app keyword and hashtag search, plus Explore. It is valid only after the named audience, ranking, platform, data, or format gate exists; starting earlier would consume capacity without a fair success test.","Medium: 0–30 visits/month.","High Ongoing.","Do not start until its gate is met. Validated format pilot, native-platform creative, account access, cadence capacity, and outbound measurement.","Distribution lead","Published pilot cohort with retention curve, view-to-profile rate, outbound clicks, and landing engagement.","3-second hold, completion rate, shares, profile visits, outbound clicks, and assisted conversions.","PHASE_4_AFTER_DEPENDENCY"
"Search engines","E5. Reddit search / ranking inside Reddit threads","SITUATIONAL","MANUAL_EXTERNAL","Reddit's internal search plus, more importantly, the fact that Reddit threads themselves rank extremely well in Google and are among the most-cited domains in AI answers. Execution requires a human-controlled third-party account, editorial judgment, or public placement, so it cannot be safely automated or silently performed by an agent.","High: 0–200 visits/month, extremely spiky, with real account-loss risk.","Ongoing, high judgment, low volume.","Platform-rule review, account access, non-promotional contribution, approved evidence asset, and UTM plan.","Distribution/operator with account access","Public placement URL/screenshot, rule compliance, referral sessions, engagement, and any earned citation.","Accepted placements, referral sessions, engaged sessions, mentions, citations, and referring domains.","PHASE_3_EXTERNAL"
"Search engines","E6. Amazon search","DEAD","REJECT","Reject Amazon search because the site does not sell products in Amazon's catalog. Informational articles cannot compete as Amazon product results.","None; avoided waste, spam risk, or brand dilution.","Unknown until scoped; estimate during prerequisite audit.","None; retain this decision in the register and re-open only if the underlying platform or business model changes.","Program lead (documented exclusion)","No execution. Quarterly review only if a named external condition changes.","Zero spend and zero implementation time.","NOT_SCHEDULED"
"Search engines","E7. Recipe aggregators and recipe-app search (Yummly, Allrecipes, Food52, Tasty, Punchfork, Copy Me That, Paprika)","SITUATIONAL","DEPENDENCY","Recipe indexes and save-apps that crawl or accept submissions of recipes and link back to the source site. It is valid only after the named audience, ranking, platform, data, or format gate exists; starting earlier would consume capacity without a fair success test.","Medium: 0–40 visits/month.","Low (mostly a byproduct of having correct Recipe schema).","Do not start until its gate is met. Named owner, baseline measurement, and a bounded acceptance test.","Engineering/technical SEO","Before/after artifact plus dated analytics evidence on a fixed URL or asset cohort.","Qualified organic sessions and conversions attributable to the fixed cohort.","PHASE_4_AFTER_DEPENDENCY"
"Search engines","E8. Google Lens / visual search","SITUATIONAL","DEPENDENCY","Camera and image-based querying, which returns web results based on an image rather than text. It is valid only after the named audience, ranking, platform, data, or format gate exists; starting earlier would consume capacity without a fair success test.","Medium: 0–30 visits/month.","Zero incremental (covered by B4).","Do not start until its gate is met. Approved visual style, rights-safe source assets, target query/URL mapping, and image metadata standard.","Engineering/technical SEO","Rendered asset QA, unique image checks, live crawlability, image sitemap/markup evidence, and channel impressions.","Image impressions, image clicks, pin outbound clicks, Discover eligibility, and asset CTR.","PHASE_4_AFTER_DEPENDENCY"
"Search engines","F1. Google AI Overviews (AIO)","SITUATIONAL","DEPENDENCY","The generated answer block at the top of Google results, with inline source links. It is valid only after the named audience, ranking, platform, data, or format gate exists; starting earlier would consume capacity without a fair success test.","Medium: 0–50 visits/month.","Low (formatting, folded into A1/B1).","Do not start until its gate is met. Named owner, baseline measurement, and a bounded acceptance test.","SEO/content lead","Before/after artifact plus dated analytics evidence on a fixed URL or asset cohort.","Qualified organic sessions and conversions attributable to the fixed cohort.","PHASE_4_AFTER_DEPENDENCY"
"Search engines","F2. Google AI Mode","SITUATIONAL","DEPENDENCY","Google's full conversational search mode, a separate tab/experience from AIO. It is valid only after the named audience, ranking, platform, data, or format gate exists; starting earlier would consume capacity without a fair success test.","Medium: 0–20 visits/month.","Unknown until scoped; estimate during prerequisite audit.","Do not start until its gate is met. Named owner, baseline measurement, and a bounded acceptance test.","SEO/content lead","Before/after artifact plus dated analytics evidence on a fixed URL or asset cohort.","Qualified organic sessions and conversions attributable to the fixed cohort.","PHASE_4_AFTER_DEPENDENCY"
"Search engines","F3. ChatGPT search / browsing citations","WORKS","EXECUTE_NOW","ChatGPT's web-search mode, which retrieves live pages and cites them with clickable links. It fits the current site's data assets or fixes a prerequisite that blocks search discovery, so it enters the first executable program.","High: 10–200 visits/month within 6–12 months, with unusually good engagement quality.","Low.","Named owner, baseline measurement, and a bounded acceptance test.","SEO/content lead","Before/after artifact plus dated analytics evidence on a fixed URL or asset cohort.","Qualified organic sessions and conversions attributable to the fixed cohort.","PHASE_1_FOUNDATION"
"Search engines","F4. Perplexity","WORKS","EXECUTE_NOW","A citation-first answer engine that shows numbered sources prominently and drives comparatively high click-through per answer. It fits the current site's data assets or fixes a prerequisite that blocks search discovery, so it enters the first executable program.","High: 5–100 visits/month.","Low (same work as F3).","Named owner, baseline measurement, and a bounded acceptance test.","SEO/content lead","Before/after artifact plus dated analytics evidence on a fixed URL or asset cohort.","Qualified organic sessions and conversions attributable to the fixed cohort.","PHASE_1_FOUNDATION"
"Search engines","F5. Microsoft Copilot / Bing Chat","WORKS","DEPENDENCY","Microsoft's assistant, grounded in the Bing index and surfaced across Windows, Edge and Bing. It is valid only after the named audience, ranking, platform, data, or format gate exists; starting earlier would consume capacity without a fair success test.","Medium: 5–80 visits/month.","Zero incremental beyond D1/D2.","Do not start until its gate is met. Named owner, baseline measurement, and a bounded acceptance test.","SEO program lead","Before/after artifact plus dated analytics evidence on a fixed URL or asset cohort.","Qualified organic sessions and conversions attributable to the fixed cohort.","PHASE_4_AFTER_DEPENDENCY"
"Search engines","F6. Claude, Gemini, Grok, Meta AI and other assistants","SITUATIONAL","DEPENDENCY","The remaining major assistants, each with web-retrieval modes and their own crawlers (ClaudeBot/Claude-SearchBot, Google-Extended, meta-externalagent, xAI's crawler). It is valid only after the named audience, ranking, platform, data, or format gate exists; starting earlier would consume capacity without a fair success test.","Medium: 0–40 visits/month combined.","Zero incremental.","Do not start until its gate is met. Named owner, baseline measurement, and a bounded acceptance test.","SEO/content lead","Before/after artifact plus dated analytics evidence on a fixed URL or asset cohort.","Qualified organic sessions and conversions attributable to the fixed cohort.","PHASE_4_AFTER_DEPENDENCY"
"Search engines","F7. Off-site brand mentions as the actual AEO lever","SITUATIONAL","MANUAL_EXTERNAL","The finding that AI-answer visibility correlates with unlinked brand mentions across the web — particularly YouTube, Reddit, and forums — more strongly than with backlinks or domain authority. Execution requires a human-controlled third-party account, editorial judgment, or public placement, so it cannot be safely automated or silently performed by an agent.","Medium: Indirect; not separately measurable.","High Ongoing.","Platform-rule review, account access, non-promotional contribution, approved evidence asset, and UTM plan.","Distribution/operator with account access","Public placement URL/screenshot, rule compliance, referral sessions, engagement, and any earned citation.","Accepted placements, referral sessions, engaged sessions, mentions, citations, and referring domains.","PHASE_3_EXTERNAL"
"Search engines","F8. llms.txt","MYTH","REJECT","Reject llms.txt as a growth project because major answer engines do not require it for retrieval or citation. Spend the same time on crawlable, citable source pages.","None; avoided waste, spam risk, or brand dilution.","Low — but the correct effort is zero.","None; retain this decision in the register and re-open only if the underlying platform or business model changes.","Program lead (documented exclusion)","No execution. Quarterly review only if a named external condition changes.","Zero spend and zero implementation time.","NOT_SCHEDULED"
"Search engines","F9. Getting into LLM training data / ""rank in the model itself""","MYTH","REJECT","Reject attempts to force inclusion in model training data. Training corpora are not a publisher-controlled ranking surface and provide no measurable near-term traffic path.","None; avoided waste, spam risk, or brand dilution.","Unknown until scoped; estimate during prerequisite audit.","None; retain this decision in the register and re-open only if the underlying platform or business model changes.","Program lead (documented exclusion)","No execution. Quarterly review only if a named external condition changes.","Zero spend and zero implementation time.","NOT_SCHEDULED"
"Search engines","G1. Schema types that still produce rich results in 2026","WORKS","EXECUTE_NOW","The shrinking set of structured-data types Google still renders as an enhanced search appearance. It fits the current site's data assets or fixes a prerequisite that blocks search discovery, so it enters the first executable program.","Medium: 0–120 visits/month; mostly a CTR multiplier on whatever else ranks, plus the Dataset Search path.","Medium (one shared Astro schema component, driven from front","Current live URL inventory, schema/indexing baseline, and production-safe validation path.","Engineering/technical SEO","Automated build/schema tests plus live rendered markup, status, canonical, and search-console/indexing evidence.","Valid indexed URLs, eligible enhancements, crawl latency, impressions, and clicks.","PHASE_1_FOUNDATION"
"Search engines","G2. XML sitemaps (standard, image, video, news)","SITUATIONAL","EXECUTE_NOW","Machine-readable URL lists submitted to search engines. It fits the current site's data assets or fixes a prerequisite that blocks search discovery, so it enters the first executable program.","Medium: 0 direct visits/month; affects discovery latency and completeness, not ranking.","Low.","Current live URL inventory, schema/indexing baseline, and production-safe validation path.","Engineering/technical SEO","Automated build/schema tests plus live rendered markup, status, canonical, and search-console/indexing evidence.","Valid indexed URLs, eligible enhancements, crawl latency, impressions, and clicks.","PHASE_1_FOUNDATION"
"Search engines","G3. RSS / Atom / JSON Feed","WORKS","EXECUTE_NOW","Machine-readable content feeds. It fits the current site's data assets or fixes a prerequisite that blocks search discovery, so it enters the first executable program.","Medium: 0–50 visits/month directly; its value is as a prerequisite for G6 and syndication.","Low.","Named owner, baseline measurement, and a bounded acceptance test.","Engineering/technical SEO","Before/after artifact plus dated analytics evidence on a fixed URL or asset cohort.","Qualified organic sessions and conversions attributable to the fixed cohort.","PHASE_1_FOUNDATION"
"Search engines","G4. WebSub (formerly PubSubHubbub)","DEAD","REJECT","Reject WebSub because current search engines do not use it as a meaningful indexing or ranking lever for this site. RSS and IndexNow cover the useful discovery paths.","None; avoided waste, spam risk, or brand dilution.","Low.","None; retain this decision in the register and re-open only if the underlying platform or business model changes.","Program lead (documented exclusion)","No execution. Quarterly review only if a named external condition changes.","Zero spend and zero implementation time.","NOT_SCHEDULED"
"Search engines","G6. MSN / Microsoft Start syndication (Partner Hub)","SITUATIONAL","DEPENDENCY","Microsoft's publisher program that ingests a publisher's RSS feed and distributes articles across MSN.com, the Edge new-tab feed, the Windows widgets panel and the Start app — an enormous default-placement surface. It is valid only after the named audience, ranking, platform, data, or format gate exists; starting earlier would consume capacity without a fair success test.","Medium: 0/month while ungated.","Low to apply; the gate is the obstacle.","Do not start until its gate is met. Named owner, baseline measurement, and a bounded acceptance test.","Distribution lead","Before/after artifact plus dated analytics evidence on a fixed URL or asset cohort.","Qualified organic sessions and conversions attributable to the fixed cohort.","PHASE_4_AFTER_DEPENDENCY"
"Search engines","G7. max-image-preview:large and robots meta directives as a discovery lever","WORKS","EXECUTE_NOW","The robots meta directive controlling how large an image preview Google may show. It fits the current site's data assets or fixes a prerequisite that blocks search discovery, so it enters the first executable program.","Medium: 0 by itself; unlocks C1 entirely.","Minutes.","Current live URL inventory, schema/indexing baseline, and production-safe validation path.","Engineering/technical SEO","Automated build/schema tests plus live rendered markup, status, canonical, and search-console/indexing evidence.","Valid indexed URLs, eligible enhancements, crawl latency, impressions, and clicks.","PHASE_1_FOUNDATION"
"Search engines","H1. Chrome mobile new-tab feed","WORKS","DEPENDENCY","The article feed on Chrome's Android/iOS new-tab page. It is valid only after the named audience, ranking, platform, data, or format gate exists; starting earlier would consume capacity without a fair success test.","Medium: The article feed on Chrome's Android/iOS new-tab page.","Unknown until scoped; estimate during prerequisite audit.","Do not start until its gate is met. Named owner, baseline measurement, and a bounded acceptance test.","Distribution lead","Before/after artifact plus dated analytics evidence on a fixed URL or asset cohort.","Qualified organic sessions and conversions attributable to the fixed cohort.","PHASE_4_AFTER_DEPENDENCY"
"Search engines","H2. Microsoft Edge new-tab feed / Windows widgets","SITUATIONAL","DEPENDENCY","The content feed on Edge's new tab and the Windows 11 widgets board. It is valid only after the named audience, ranking, platform, data, or format gate exists; starting earlier would consume capacity without a fair success test.","Medium: The content feed on Edge's new tab and the Windows 11 widgets board.","Unknown until scoped; estimate during prerequisite audit.","Do not start until its gate is met. Validated user job, trusted input data, privacy/accessibility review, and instrumented outcome events.","Distribution lead","Functional tests, mobile/accessibility QA, live tool, event telemetry, and user-completion evidence.","Tool starts, completion rate, shares, email opt-ins, returning users, links, and organic landing sessions.","PHASE_4_AFTER_DEPENDENCY"
"Search engines","H3. Firefox new-tab recommendations (formerly Pocket)","DEAD","REJECT","Reject Firefox/Pocket optimization because Pocket recommendations were retired and Firefox offers no open submission route with meaningful expected traffic.","None; avoided waste, spam risk, or brand dilution.","N/A — nothing to do.","None; retain this decision in the register and re-open only if the underlying platform or business model changes.","Program lead (documented exclusion)","No execution. Quarterly review only if a named external condition changes.","Zero spend and zero implementation time.","NOT_SCHEDULED"
"Search engines","H4. Samsung phone feeds (Samsung Free / Samsung Daily / Samsung News)","DEAD","REJECT","Reject Samsung feed work because there is no accessible publisher path appropriate to this small US site and projected direct traffic is zero.","None; avoided waste, spam risk, or brand dilution.","Unknown until scoped; estimate during prerequisite audit.","None; retain this decision in the register and re-open only if the underlying platform or business model changes.","Program lead (documented exclusion)","No execution. Quarterly review only if a named external condition changes.","Zero spend and zero implementation time.","NOT_SCHEDULED"
"Search engines","H5. Opera news feed / Opera browser discovery","DEAD","REJECT","Reject Opera feed work because the distribution path is closed/opaque and the expected return is at most a few visits, below the opportunity cost.","None; avoided waste, spam risk, or brand dilution.","Unknown until scoped; estimate during prerequisite audit.","None; retain this decision in the register and re-open only if the underlying platform or business model changes.","Program lead (documented exclusion)","No execution. Quarterly review only if a named external condition changes.","Zero spend and zero implementation time.","NOT_SCHEDULED"
"Search engines","H6. Arc browser","DEAD","REJECT","Reject Arc browser optimization because Arc provides no publisher-controlled discovery surface that can be executed or measured.","None; avoided waste, spam risk, or brand dilution.","Unknown until scoped; estimate during prerequisite audit.","None; retain this decision in the register and re-open only if the underlying platform or business model changes.","Program lead (documented exclusion)","No execution. Quarterly review only if a named external condition changes.","Zero spend and zero implementation time.","NOT_SCHEDULED"
"Search engines","H7. Dia / AI-browser surfaces (the successor question)","SITUATIONAL","DEPENDENCY","The emerging class of AI-first browsers (Dia, Comet, ChatGPT Atlas, Copilot Mode in Edge) that answer queries in-browser. It is valid only after the named audience, ranking, platform, data, or format gate exists; starting earlier would consume capacity without a fair success test.","Medium: 0–10 visits/month.","Unknown until scoped; estimate during prerequisite audit.","Do not start until its gate is met. Named owner, baseline measurement, and a bounded acceptance test.","Distribution lead","Before/after artifact plus dated analytics evidence on a fixed URL or asset cohort.","Qualified organic sessions and conversions attributable to the fixed cohort.","PHASE_4_AFTER_DEPENDENCY"
"Search engines","I1. Meta keywords tag","DEAD","REJECT","Reject meta keywords because Google and Bing ignore the tag; adding it creates maintenance work without ranking value.","None; avoided waste, spam risk, or brand dilution.","Unknown until scoped; estimate during prerequisite audit.","None; retain this decision in the register and re-open only if the underlying platform or business model changes.","Program lead (documented exclusion)","No execution. Quarterly review only if a named external condition changes.","Zero spend and zero implementation time.","NOT_SCHEDULED"
"Search engines","I2. Keyword density targets (""aim for 2–3%"")","MYTH","REJECT","Reject numeric keyword-density targets because modern retrieval evaluates relevance and usefulness, not a fixed percentage; density targets encourage unnatural copy.","None; avoided waste, spam risk, or brand dilution.","Unknown until scoped; estimate during prerequisite audit.","None; retain this decision in the register and re-open only if the underlying platform or business model changes.","Program lead (documented exclusion)","No execution. Quarterly review only if a named external condition changes.","Zero spend and zero implementation time.","NOT_SCHEDULED"
"Search engines","I3. LSI keywords","MYTH","REJECT","Reject LSI-keyword optimization because LSI is not a Google publisher tool or ranking checklist. Use actual query/entity coverage under on-page optimization.","None; avoided waste, spam risk, or brand dilution.","Unknown until scoped; estimate during prerequisite audit.","None; retain this decision in the register and re-open only if the underlying platform or business model changes.","Program lead (documented exclusion)","No execution. Quarterly review only if a named external condition changes.","Zero spend and zero implementation time.","NOT_SCHEDULED"
"Search engines","I4. Article directories (EzineArticles, ArticleBase, GoArticles et al.)","DEAD","REJECT","Reject article-directory submission because those directories are obsolete, low-quality, and can associate the brand with spam rather than earn qualified readers.","None; avoided waste, spam risk, or brand dilution.","Unknown until scoped; estimate during prerequisite audit.","None; retain this decision in the register and re-open only if the underlying platform or business model changes.","Program lead (documented exclusion)","No execution. Quarterly review only if a named external condition changes.","Zero spend and zero implementation time.","NOT_SCHEDULED"
"Search engines","I5. Web directory submission (DMOZ, Yahoo Directory, ""submit to 500 directories"")","DEAD","REJECT","Reject bulk web-directory submission because the major directories are closed and mass directory links are low-quality spam, not a durable discovery channel.","None; avoided waste, spam risk, or brand dilution.","Unknown until scoped; estimate during prerequisite audit.","None; retain this decision in the register and re-open only if the underlying platform or business model changes.","Program lead (documented exclusion)","No execution. Quarterly review only if a named external condition changes.","Zero spend and zero implementation time.","NOT_SCHEDULED"
"Search engines","I6. Search engine submission services (""submit your site to 500 engines"")","MYTH","REJECT","Reject paid or bulk search-engine submission services because Google and Bing discover URLs through sitemaps, links, IndexNow, and their own consoles.","None; avoided waste, spam risk, or brand dilution.","Unknown until scoped; estimate during prerequisite audit.","None; retain this decision in the register and re-open only if the underlying platform or business model changes.","Program lead (documented exclusion)","No execution. Quarterly review only if a named external condition changes.","Zero spend and zero implementation time.","NOT_SCHEDULED"
"Search engines","I7. Ping services (Pingomatic and successors)","DEAD","REJECT","Reject Pingomatic-style ping services because they do not create rankings or reliable indexing in current search systems.","None; avoided waste, spam risk, or brand dilution.","Unknown until scoped; estimate during prerequisite audit.","None; retain this decision in the register and re-open only if the underlying platform or business model changes.","Program lead (documented exclusion)","No execution. Quarterly review only if a named external condition changes.","Zero spend and zero implementation time.","NOT_SCHEDULED"
"Search engines","I8. Blog comment links and forum signature links","DEAD","REJECT","Reject blog-comment and forum-signature link building because it is spam, usually nofollow, damages community trust, and risks manual action.","None; avoided waste, spam risk, or brand dilution.","Unknown until scoped; estimate during prerequisite audit.","None; retain this decision in the register and re-open only if the underlying platform or business model changes.","Program lead (documented exclusion)","No execution. Quarterly review only if a named external condition changes.","Zero spend and zero implementation time.","NOT_SCHEDULED"
"Search engines","I9. Google Authorship (rel=author) and the author photo in results","DEAD","REJECT","Reject rel=author/Authorship optimization because Google's author-photo result was retired. Maintain real author identity for trust, not a dead SERP feature.","None; avoided waste, spam risk, or brand dilution.","Unknown until scoped; estimate during prerequisite audit.","None; retain this decision in the register and re-open only if the underlying platform or business model changes.","Program lead (documented exclusion)","No execution. Quarterly review only if a named external condition changes.","Zero spend and zero implementation time.","NOT_SCHEDULED"
"Search engines","I10. AMP (Accelerated Mobile Pages)","DEAD","REJECT","Reject AMP because it is no longer required for Top Stories or Discover and would add a second rendering stack without a traffic advantage.","None; avoided waste, spam risk, or brand dilution.","Unknown until scoped; estimate during prerequisite audit.","None; retain this decision in the register and re-open only if the underlying platform or business model changes.","Program lead (documented exclusion)","No execution. Quarterly review only if a named external condition changes.","Zero spend and zero implementation time.","NOT_SCHEDULED"
"Search engines","I11. Social signals as a direct ranking factor","MYTH","REJECT","Reject treating likes/shares as a direct Google ranking factor. Social distribution may create discovery and links, but the signal itself is not an SEO lever.","None; avoided waste, spam risk, or brand dilution.","Unknown until scoped; estimate during prerequisite audit.","None; retain this decision in the register and re-open only if the underlying platform or business model changes.","Program lead (documented exclusion)","No execution. Quarterly review only if a named external condition changes.","Zero spend and zero implementation time.","NOT_SCHEDULED"
"Search engines","I12. Bounce rate / time-on-site / ""dwell time"" as direct ranking factors","MYTH","REJECT","Reject attempts to manipulate bounce rate, dwell time, or time on site as direct ranking metrics. Improve UX for users and conversions, not a disproven score hack.","None; avoided waste, spam risk, or brand dilution.","Unknown until scoped; estimate during prerequisite audit.","None; retain this decision in the register and re-open only if the underlying platform or business model changes.","Program lead (documented exclusion)","No execution. Quarterly review only if a named external condition changes.","Zero spend and zero implementation time.","NOT_SCHEDULED"
"Search engines","I13. Private Blog Networks (PBNs) and paid links","SITUATIONAL","REJECT","Reject PBNs and paid links because they violate search-engine spam policies, expose the domain to penalties, and create fragile authority that can disappear overnight.","None; avoided waste, spam risk, or brand dilution.","Unknown until scoped; estimate during prerequisite audit.","None; retain this decision in the register and re-open only if the underlying platform or business model changes.","Program lead (documented exclusion)","No execution. Quarterly review only if a named external condition changes.","Zero spend and zero implementation time.","NOT_SCHEDULED"
"Search engines","I14. Programmatic mass-publishing of AI-generated pages (""scaled content abuse"")","DEAD","REJECT","Reject mass AI page publishing because undifferentiated scaled content is specifically targeted as scaled-content abuse and would deepen the site's quality problem.","None; avoided waste, spam risk, or brand dilution.","Unknown until scoped; estimate during prerequisite audit.","None; retain this decision in the register and re-open only if the underlying platform or business model changes.","Program lead (documented exclusion)","No execution. Quarterly review only if a named external condition changes.","Zero spend and zero implementation time.","NOT_SCHEDULED"
"Search engines","I15. Exact-match domains, keyword-stuffed domains, and subdomain/subdirectory keyword tricks","MYTH","REJECT","Reject exact-match-domain and keyword-folder tricks because the current brand/domain is established and URL keywords do not substitute for page quality or authority.","None; avoided waste, spam risk, or brand dilution.","Unknown until scoped; estimate during prerequisite audit.","None; retain this decision in the register and re-open only if the underlying platform or business model changes.","Program lead (documented exclusion)","No execution. Quarterly review only if a named external condition changes.","Zero spend and zero implementation time.","NOT_SCHEDULED"
"Search engines","I16. Doorway pages and location-permutation pages (""cheapest protein in [city]"" × 500)","DEAD","REJECT","Reject city-permutation doorway pages because the site has no city-specific evidence or service; hundreds of near-duplicates would be doorway spam.","None; avoided waste, spam risk, or brand dilution.","Unknown until scoped; estimate during prerequisite audit.","None; retain this decision in the register and re-open only if the underlying platform or business model changes.","Program lead (documented exclusion)","No execution. Quarterly review only if a named external condition changes.","Zero spend and zero implementation time.","NOT_SCHEDULED"
"Search engines","I17. Keyword stuffing, hidden text, white-on-white text, alt-text stuffing","DEAD","REJECT","Reject keyword stuffing, hidden text, and alt stuffing because they degrade accessibility and violate spam policies without improving modern relevance.","None; avoided waste, spam risk, or brand dilution.","Unknown until scoped; estimate during prerequisite audit.","None; retain this decision in the register and re-open only if the underlying platform or business model changes.","Program lead (documented exclusion)","No execution. Quarterly review only if a named external condition changes.","Zero spend and zero implementation time.","NOT_SCHEDULED"
"Search engines","I18. Article spinning / synonym rewriting","DEAD","REJECT","Reject article spinning because synonym-swapped pages add no original value, undermine the David Miller voice, and risk scaled-content classification.","None; avoided waste, spam risk, or brand dilution.","Unknown until scoped; estimate during prerequisite audit.","None; retain this decision in the register and re-open only if the underlying platform or business model changes.","Program lead (documented exclusion)","No execution. Quarterly review only if a named external condition changes.","Zero spend and zero implementation time.","NOT_SCHEDULED"
"Search engines","I19. Sitemap <priority> and <changefreq> tags","MYTH","REJECT","Reject sitemap priority/changefreq tuning because search engines ignore these hints for ranking and largely determine recrawl from observed changes.","None; avoided waste, spam risk, or brand dilution.","Unknown until scoped; estimate during prerequisite audit.","None; retain this decision in the register and re-open only if the underlying platform or business model changes.","Program lead (documented exclusion)","No execution. Quarterly review only if a named external condition changes.","Zero spend and zero implementation time.","NOT_SCHEDULED"
"Search engines","I20. ""Domain Authority"" / ""Domain Rating"" as a Google metric","MYTH","REJECT","Reject optimizing to third-party DA/DR as if it were a Google metric. Use referring-domain quality, indexed-query coverage, impressions, and clicks as evidence instead.","None; avoided waste, spam risk, or brand dilution.","Unknown until scoped; estimate during prerequisite audit.","None; retain this decision in the register and re-open only if the underlying platform or business model changes.","Program lead (documented exclusion)","No execution. Quarterly review only if a named external condition changes.","Zero spend and zero implementation time.","NOT_SCHEDULED"
"Search engines","I21. Expired-domain purchase and 301 redirection","DEAD","REJECT","Reject expired-domain 301 schemes because relevance and link value often fail to transfer and the pattern carries spam-policy and brand-risk exposure.","None; avoided waste, spam risk, or brand dilution.","Unknown until scoped; estimate during prerequisite audit.","None; retain this decision in the register and re-open only if the underlying platform or business model changes.","Program lead (documented exclusion)","No execution. Quarterly review only if a named external condition changes.","Zero spend and zero implementation time.","NOT_SCHEDULED"
"Search engines","I22. Schema markup as a direct ranking boost","WORKS","REJECT","Reject the premise that schema is a direct ranking boost. Implement eligible, accurate schema under Recipe, Dataset, and supported rich-result tasks, but do not sell it as ranking gain.","None; avoided waste, spam risk, or brand dilution.","Unknown until scoped; estimate during prerequisite audit.","None; retain this decision in the register and re-open only if the underlying platform or business model changes.","Program lead (documented exclusion)","No execution. Quarterly review only if a named external condition changes.","Zero spend and zero implementation time.","NOT_SCHEDULED"
"Search engines","J1. Tally","SITUATIONAL","REJECT","Reject this row because 'Tally' is a document subtotal artifact, not a traffic method. It remains counted here so reconciliation is explicit.","None; avoided waste, spam risk, or brand dilution.","Unknown until scoped; estimate during prerequisite audit.","None; retain this decision in the register and re-open only if the underlying platform or business model changes.","Program lead (documented exclusion)","No execution. Quarterly review only if a named external condition changes.","Zero spend and zero implementation time.","NOT_SCHEDULED"
"Content & virality","Legitimacy flags","SITUATIONAL","REJECT","Reject this row because 'Legitimacy flags' is a report section label, not an executable traffic method. Trust work is covered by the E-E-A-T and sourcing task.","None; avoided waste, spam risk, or brand dilution.","Unknown until scoped; estimate during prerequisite audit.","None; retain this decision in the register and re-open only if the underlying platform or business model changes.","Program lead (documented exclusion)","No execution. Quarterly review only if a named external condition changes.","Zero spend and zero implementation time.","NOT_SCHEDULED"
"Content & virality","Original research / proprietary data study","WORKS","EXECUTE_NOW","Collect primary data nobody else has; publish the findings as the story. It fits the current site's data assets or fixes a prerequisite that blocks search discovery, so it enters the first executable program.","High: The study page gets near-zero organic traffic for 6–12 months.","L per study (collection dominates; writing is cheap).","Reproducible source data, methodology, date/location scope, citations, and a refresh owner.","Research/distribution lead","Published dataset/methodology, reproducibility check, live page, and tracked citations/referring domains.","Dataset downloads, citations, referring domains, non-brand impressions, and qualified sessions.","PHASE_2_ASSET_EXECUTION"
"Content & virality","The recurring annual index (""The X Index"")","WORKS","QUEUE","Turn one study into a named, dated, annual franchise — the Big Mac Index model. The method is credible but ranks below the first two phases on expected return, current readiness, or marginal effort; it stays visible in the queue rather than being discarded.","High: Low in year 1.","L for edition 1; M per later edition (pipeline exists).","Reproducible source data, methodology, date/location scope, citations, and a refresh owner.","Research/distribution lead","Published dataset/methodology, reproducibility check, live page, and tracked citations/referring domains.","Dataset downloads, citations, referring domains, non-brand impressions, and qualified sessions.","PHASE_3_QUEUE"
"Content & virality","Survey-based original research","SITUATIONAL","DEPENDENCY","Poll a population; publish the percentages. It is valid only after the named audience, ranking, platform, data, or format gate exists; starting earlier would consume capacity without a fair success test.","Medium: Strong links-per-dollar if budget and a pitch list exist.","M–L. Cost is the blocker — a US panel of n=500–1,000 via Pro","Do not start until its gate is met. Reproducible source data, methodology, date/location scope, citations, and a refresh owner.","Research/distribution lead","Published dataset/methodology, reproducibility check, live page, and tracked citations/referring domains.","Dataset downloads, citations, referring domains, non-brand impressions, and qualified sessions.","PHASE_4_AFTER_DEPENDENCY"
"Content & virality","""We tested X"" / hands-on empirical test","WORKS","EXECUTE_NOW","Buy the things, test them, report what happened. It fits the current site's data assets or fixes a prerequisite that blocks search discovery, so it enters the first executable program.","High: Moderate and durable.","M per test.","Reproducible source data, methodology, date/location scope, citations, and a refresh owner.","Research/distribution lead","Published dataset/methodology, reproducibility check, live page, and tracked citations/referring domains.","Dataset downloads, citations, referring domains, non-brand impressions, and qualified sessions.","PHASE_2_ASSET_EXECUTION"
"Content & virality","Curated mega-list (""the biggest list of X on the internet"")","SITUATIONAL","QUEUE","Obsessively complete resource list. The method is credible but ranks below the first two phases on expected return, current readiness, or marginal effort; it stays visible in the queue rather than being discarded.","Medium: Mega-lists were a 2012–2018 link-bait staple and are now heavily devalued by helpful-content updates and AI-generated volume.","S–M (data exists).","Named owner, baseline measurement, and a bounded acceptance test.","Growth program lead","Before/after artifact plus dated analytics evidence on a fixed URL or asset cohort.","Qualified organic sessions and conversions attributable to the fixed cohort.","PHASE_3_QUEUE"
"Content & virality","Ultimate guide / pillar page","SITUATIONAL","EXECUTE_NOW","One long comprehensive page on a head term, with cluster articles linking in. It fits the current site's data assets or fixes a prerequisite that blocks search discovery, so it enters the first executable program.","High: A zero-authority site will not rank a pillar on a head term for years.","L per pillar.","Fixed article inventory, GSC/Bing query export, URL-level quality rubric, and rollback-safe change list.","Growth program lead","Exact changed URL cohort, link/content diff, green build, live verification, then 28/56-day search comparison.","Indexed-query count, non-brand impressions, average position, organic clicks, and orphan-depth reduction.","PHASE_2_ASSET_EXECUTION"
"Content & virality","Comparison pages (X vs Y)","WORKS","EXECUTE_NOW","Head-to-head pages targeting ""a vs b"" queries. It fits the current site's data assets or fixes a prerequisite that blocks search discovery, so it enters the first executable program.","High: The best realistic ranking opportunity on this entire list for a zero-authority site.","S each, highly templatable from CSVs.","Named owner, baseline measurement, and a bounded acceptance test.","Growth program lead","Before/after artifact plus dated analytics evidence on a fixed URL or asset cohort.","Qualified organic sessions and conversions attributable to the fixed cohort.","PHASE_2_ASSET_EXECUTION"
"Content & virality","Statistics roundup page","SITUATIONAL","QUEUE","""127 grocery inflation statistics for 2026"" — a page that exists to be cited by writers on deadline. The method is credible but ranks below the first two phases on expected return, current readiness, or marginal effort; it stays visible in the queue rather than being discarded.","Medium: Highest-ROI link bait of 2015–2022; now saturated and heavily AI-Overview-cannibalized.","S–M.","Reproducible source data, methodology, date/location scope, citations, and a refresh owner.","Growth program lead","Published dataset/methodology, reproducibility check, live page, and tracked citations/referring domains.","Dataset downloads, citations, referring domains, non-brand impressions, and qualified sessions.","PHASE_3_QUEUE"
"Content & virality","Public database / searchable directory","WORKS","EXECUTE_NOW","Not an article — a queryable dataset with filter, sort and search, plus one detail page per entity. It fits the current site's data assets or fixes a prerequisite that blocks search discovery, so it enters the first executable program.","High: Databases capture a large long tail through detail pages and are the format most often linked as ""here's a tool for that."" This is legitimate programmatic SEO — every page carries unique measured data","L once, XS ongoing.","Reproducible source data, methodology, date/location scope, citations, and a refresh owner.","Product engineering","Published dataset/methodology, reproducibility check, live page, and tracked citations/referring domains.","Dataset downloads, citations, referring domains, non-brand impressions, and qualified sessions.","PHASE_2_ASSET_EXECUTION"
"Content & virality","Teardown / investigation / audit","SITUATIONAL","QUEUE","Take a public claim and check it against evidence. The method is credible but ranks below the first two phases on expected return, current readiness, or marginal effort; it stays visible in the queue rather than being discarded.","Medium: Highest press pickup potential here, because it is a story rather than a resource — and also the highest variance.","M–L.","Reproducible source data, methodology, date/location scope, citations, and a refresh owner.","Research/distribution lead","Published dataset/methodology, reproducibility check, live page, and tracked citations/referring domains.","Dataset downloads, citations, referring domains, non-brand impressions, and qualified sessions.","PHASE_3_QUEUE"
"Content & virality","Interactive map / geographic data viz","WORKS","DEPENDENCY","Data cut by state or metro, rendered as a map. It is valid only after the named audience, ranking, platform, data, or format gate exists; starting earlier would consume capacity without a fair success test.","High: ""By state"" is one of the most reliable social/press formats that exists — every state's local media wants a reason to cover their state.","L (regional collection is the hard part).","Do not start until its gate is met. Reproducible source data, methodology, date/location scope, citations, and a refresh owner.","Research/distribution lead","Published dataset/methodology, reproducibility check, live page, and tracked citations/referring domains.","Dataset downloads, citations, referring domains, non-brand impressions, and qualified sessions.","PHASE_4_AFTER_DEPENDENCY"
"Content & virality","Free calculator as an SEO asset","WORKS","EXECUTE_NOW","A single-purpose interactive tool ranking for ""[thing] calculator."" It fits the current site's data assets or fixes a prerequisite that blocks search discovery, so it enters the first executable program.","High: Realistically 12–24 months to meaningful volume on competitive calculator terms from zero authority.","S–M per new tool (Claude Code makes the build near-free); th","Validated user job, trusted input data, privacy/accessibility review, and instrumented outcome events.","Product engineering","Functional tests, mobile/accessibility QA, live tool, event telemetry, and user-completion evidence.","Tool starts, completion rate, shares, email opt-ins, returning users, links, and organic landing sessions.","PHASE_2_ASSET_EXECUTION"
"Content & virality","Embeddable widget / iframe with attribution link","SITUATIONAL","DEPENDENCY","Let other sites embed your calculator or chart; the embed carries a link back. It is valid only after the named audience, ranking, platform, data, or format gate exists; starting earlier would consume capacity without a fair success test.","Medium: Two very different things travel under this name:","S (built) + ongoing outreach.","Do not start until its gate is met. Validated user job, trusted input data, privacy/accessibility review, and instrumented outcome events.","Product engineering","Functional tests, mobile/accessibility QA, live tool, event telemetry, and user-completion evidence.","Tool starts, completion rate, shares, email opt-ins, returning users, links, and organic landing sessions.","PHASE_4_AFTER_DEPENDENCY"
"Content & virality","Generators (useful or silly)","WORKS","QUEUE","Input → generated output. The method is credible but ranks below the first two phases on expected return, current readiness, or marginal effort; it stays visible in the queue rather than being discarded.","Medium: High ceiling and highly shareable — generators produce a personalized artifact, and personalized artifacts get screenshotted.","M.","Validated user job, trusted input data, privacy/accessibility review, and instrumented outcome events.","Product engineering","Functional tests, mobile/accessibility QA, live tool, event telemetry, and user-completion evidence.","Tool starts, completion rate, shares, email opt-ins, returning users, links, and organic landing sessions.","PHASE_3_QUEUE"
"Content & virality","Quizzes and ""what your X says about you""","SITUATIONAL","QUEUE","Multi-question interactive that returns a typed result. The method is credible but ranks below the first two phases on expected return, current readiness, or marginal effort; it stays visible in the queue rather than being discarded.","Medium: Quizzes are a social/email format, not a search format — almost no search volume, high share rate on Facebook and Pinterest, high email conversion at the results gate.","M.","Named owner, baseline measurement, and a bounded acceptance test.","Growth program lead","Before/after artifact plus dated analytics evidence on a fixed URL or asset cohort.","Qualified organic sessions and conversions attributable to the fixed cohort.","PHASE_3_QUEUE"
"Content & virality","Printables and PDF downloads","WORKS","EXECUTE_NOW","Printable checklists, meal planners, price-comparison sheets, pantry inventories. It fits the current site's data assets or fixes a prerequisite that blocks search discovery, so it enters the first executable program.","High: Printables are one of the highest-performing Pinterest categories that still exists — ""free printable"" is a durable, high-intent Pinterest query, and the format survives the platform's shift away from","XS–S each.","Named owner, baseline measurement, and a bounded acceptance test.","Editorial/content lead","Before/after artifact plus dated analytics evidence on a fixed URL or asset cohort.","Qualified organic sessions and conversions attributable to the fixed cohort.","PHASE_2_ASSET_EXECUTION"
"Content & virality","Spreadsheet templates (Google Sheets / Excel)","WORKS","EXECUTE_NOW","A working spreadsheet users copy — grocery budget tracker, meal-cost calculator, pantry inventory. It fits the current site's data assets or fixes a prerequisite that blocks search discovery, so it enters the first executable program.","High: Modest direct search traffic, but templates are a strong Reddit/forum share (r/personalfinance, r/EatCheapAndHealthy, r/MealPrepSunday) because they're a gift rather than a link.","S–M.","Named owner, baseline measurement, and a bounded acceptance test.","Editorial/content lead","Before/after artifact plus dated analytics evidence on a fixed URL or asset cohort.","Qualified organic sessions and conversions attributable to the fixed cohort.","PHASE_2_ASSET_EXECUTION"
"Content & virality","Notion templates","SITUATIONAL","REJECT","Reject Notion-template distribution for this program because the US budget-food audience is a poor platform match; Sheets/Excel templates serve the same need with wider adoption.","None; avoided waste, spam risk, or brand dilution.","M.","None; retain this decision in the register and re-open only if the underlying platform or business model changes.","Program lead (documented exclusion)","No execution. Quarterly review only if a named external condition changes.","Zero spend and zero implementation time.","NOT_SCHEDULED"
"Content & virality","Figma Community files","MYTH","REJECT","Reject Figma Community because a budget-food data site has no authentic design-resource product for that audience; manufacturing one would be irrelevant link chasing.","None; avoided waste, spam risk, or brand dilution.","Unknown until scoped; estimate during prerequisite audit.","None; retain this decision in the register and re-open only if the underlying platform or business model changes.","Program lead (documented exclusion)","No execution. Quarterly review only if a named external condition changes.","Zero spend and zero implementation time.","NOT_SCHEDULED"
"Content & virality","Chrome extension + Chrome Web Store as a discovery channel","SITUATIONAL","QUEUE","Ship a small browser extension; the Web Store's own search becomes a discovery surface independent of Google web search. The method is credible but ranks below the first two phases on expected return, current readiness, or marginal effort; it stays visible in the queue rather than being discarded.","Medium: The Web Store is a genuinely separate discovery pool with far less competition than Google — that part is real.","L–XL. Manifest V3 is now mandatory (MV2 fully dead in Chrome","Validated user job, trusted input data, privacy/accessibility review, and instrumented outcome events.","Product engineering","Functional tests, mobile/accessibility QA, live tool, event telemetry, and user-completion evidence.","Tool starts, completion rate, shares, email opt-ins, returning users, links, and organic landing sessions.","PHASE_3_QUEUE"
"Content & virality","Custom GPT in the OpenAI GPT Store","SITUATIONAL","QUEUE","Publish a GPT (""Budget Protein Coach"") that uses your data and links back. The method is credible but ranks below the first two phases on expected return, current readiness, or marginal effort; it stays visible in the queue rather than being discarded.","Medium: Low, and widely oversold.","XS–S. Genuinely cheap.","Named owner, baseline measurement, and a bounded acceptance test.","Product engineering","Before/after artifact plus dated analytics evidence on a fixed URL or asset cohort.","Qualified organic sessions and conversions attributable to the fixed cohort.","PHASE_3_QUEUE"
"Content & virality","Mobile app","MYTH","REJECT","Reject a native mobile app as a website-traffic project. It is an expensive separate product and app-store usage would not reliably send sessions back to the site.","None; avoided waste, spam risk, or brand dilution.","XL.","None; retain this decision in the register and re-open only if the underlying platform or business model changes.","Program lead (documented exclusion)","No execution. Quarterly review only if a named external condition changes.","Zero spend and zero implementation time.","NOT_SCHEDULED"
"Content & virality","Checklists and cheat sheets (on-page, not gated)","WORKS","EXECUTE_NOW","Dense, screenshot-friendly one-screen reference blocks inside articles. It fits the current site's data assets or fixes a prerequisite that blocks search discovery, so it enters the first executable program.","Medium: No direct traffic, but a strong multiplier: screenshot-friendly blocks are what get pasted into Reddit comments, group chats and Pinterest.","XS.","Fixed article inventory, GSC/Bing query export, URL-level quality rubric, and rollback-safe change list.","Editorial/content lead","Exact changed URL cohort, link/content diff, green build, live verification, then 28/56-day search comparison.","Indexed-query count, non-brand impressions, average position, organic clicks, and orphan-depth reduction.","PHASE_2_ASSET_EXECUTION"
"Content & virality","Live dashboard","SITUATIONAL","DEPENDENCY","A page that updates — current prices, current best value, tracked over time. It is valid only after the named audience, ranking, platform, data, or format gate exists; starting earlier would consume capacity without a fair success test.","Medium: Low search traffic; high repeat-visit and citation value.","M–L to build, XS–S ongoing if the pipeline feeds it.","Do not start until its gate is met. Reproducible source data, methodology, date/location scope, citations, and a refresh owner.","Product engineering","Published dataset/methodology, reproducibility check, live page, and tracked citations/referring domains.","Dataset downloads, citations, referring domains, non-brand impressions, and qualified sessions.","PHASE_4_AFTER_DEPENDENCY"
"Content & virality","Dataset distribution (Kaggle, data.world, Hugging Face, Zenodo/DOI)","WORKS","MANUAL_EXTERNAL","Publish the CSVs where data people look for data, with attribution back to the site. Execution requires a human-controlled third-party account, editorial judgment, or public placement, so it cannot be safely automated or silently performed by an agent.","High: Small but unusually high-quality: data scientists, students and journalists who build on a dataset cite it, and those citations come from .edu, notebook and news domains that are otherwise unreachable","S.","Reproducible source data, methodology, date/location scope, citations, and a refresh owner.","Distribution/operator with account access","Published dataset/methodology, reproducibility check, live page, and tracked citations/referring domains.","Dataset downloads, citations, referring domains, non-brand impressions, and qualified sessions.","PHASE_3_EXTERNAL"
"Content & virality","Public API / open data endpoint","SITUATIONAL","QUEUE","Expose the dataset as a documented JSON API. The method is credible but ranks below the first two phases on expected return, current readiness, or marginal effort; it stays visible in the queue rather than being discarded.","Medium: Very low direct traffic.","M.","Reproducible source data, methodology, date/location scope, citations, and a refresh owner.","Product engineering","Published dataset/methodology, reproducibility check, live page, and tracked citations/referring domains.","Dataset downloads, citations, referring domains, non-brand impressions, and qualified sessions.","PHASE_3_QUEUE"
"Content & virality","Seasonal content calendar (publish 60–90 days early)","WORKS","EXECUTE_NOW","Map recurring demand spikes and publish well before them so pages are indexed and aged when the spike lands. It fits the current site's data assets or fixes a prerequisite that blocks search discovery, so it enters the first executable program.","High: This is the mechanism that converts a zero-authority site's only real advantage — patience — into rankings.","S to plan, M ongoing.","90-day calendar, monitoring trigger, query validation, reusable rapid-response brief, and source-update SLA.","Growth program lead","Publication before demand peak, timestamped trend/source evidence, indexed URL, and event-window analytics.","Time-to-publish, event-query impressions, clicks, referrals, shares, and links.","PHASE_2_ASSET_EXECUTION"
"Content & virality","Holiday, event and ""national day"" content","WORKS","QUEUE","Content pegged to a fixed calendar date. The method is credible but ranks below the first two phases on expected return, current readiness, or marginal effort; it stays visible in the queue rather than being discarded.","Medium: Genuinely spiky and genuinely reachable, because holiday long-tails (""cheapest thanksgiving dinner for 8"") have less entrenched competition than evergreen head terms.","S–M each.","90-day calendar, monitoring trigger, query validation, reusable rapid-response brief, and source-update SLA.","Growth program lead","Publication before demand peak, timestamped trend/source evidence, indexed URL, and event-window analytics.","Time-to-publish, event-query impressions, clicks, referrals, shares, and links.","PHASE_3_QUEUE"
"Content & virality","Trend-riding (Google Trends, Exploding Topics, TikTok trends)","WORKS","EXECUTE_NOW","Spot a rising query before it saturates; publish while competition is thin. It fits the current site's data assets or fixes a prerequisite that blocks search discovery, so it enters the first executable program.","High: Good for a zero-authority site specifically because thin competition is the whole point — you are not fighting entrenched authority when the topic is 3 weeks old.","S per piece; XL as a habit.","90-day calendar, monitoring trigger, query validation, reusable rapid-response brief, and source-update SLA.","Research/distribution lead","Publication before demand peak, timestamped trend/source evidence, indexed URL, and event-window analytics.","Time-to-publish, event-query impressions, clicks, referrals, shares, and links.","PHASE_2_ASSET_EXECUTION"
"Content & virality","Reactive newsjacking on breaking news","SITUATIONAL","DEPENDENCY","Publish within hours of a news event that touches your niche. It is valid only after the named audience, ranking, platform, data, or format gate exists; starting earlier would consume capacity without a fair success test.","Medium: Two-sided.","S per event, but requires monitoring.","Do not start until its gate is met. 90-day calendar, monitoring trigger, query validation, reusable rapid-response brief, and source-update SLA.","Research/distribution lead","Publication before demand peak, timestamped trend/source evidence, indexed URL, and event-window analytics.","Time-to-publish, event-query impressions, clicks, referrals, shares, and links.","PHASE_4_AFTER_DEPENDENCY"
"Content & virality","Price-shock moment hijacking (the strongest timing play here)","WORKS","EXECUTE_NOW","When a food price becomes a national story, be the site holding the numbers. It fits the current site's data assets or fixes a prerequisite that blocks search discovery, so it enters the first executable program.","High: The best press-and-Reddit angle available to this site, because a price shock creates demand for exactly the analysis you already produce.","S per moment; the data already exists.","90-day calendar, monitoring trigger, query validation, reusable rapid-response brief, and source-update SLA.","Research/distribution lead","Publication before demand peak, timestamped trend/source evidence, indexed URL, and event-window analytics.","Time-to-publish, event-query impressions, clicks, referrals, shares, and links.","PHASE_2_ASSET_EXECUTION"
"Content & virality","Awareness months and observances","SITUATIONAL","MANUAL_EXTERNAL","National Nutrition Month (March), Heart Month (Feb), Hunger Action Month (Sept). Execution requires a human-controlled third-party account, editorial judgment, or public placement, so it cannot be safely automated or silently performed by an agent.","Medium: Low search demand directly.","S–M.","90-day calendar, monitoring trigger, query validation, reusable rapid-response brief, and source-update SLA.","Distribution/operator with account access","Publication before demand peak, timestamped trend/source evidence, indexed URL, and event-window analytics.","Time-to-publish, event-query impressions, clicks, referrals, shares, and links.","PHASE_3_EXTERNAL"
"Content & virality","New Year / January diet season","WORKS","EXECUTE_NOW","The largest predictable demand spike in the entire food-content year. It fits the current site's data assets or fixes a prerequisite that blocks search discovery, so it enters the first executable program.","High: The single highest-volume window you get.","M, concentrated in Oct–Nov for a January payoff.","90-day calendar, monitoring trigger, query validation, reusable rapid-response brief, and source-update SLA.","Growth program lead","Publication before demand peak, timestamped trend/source evidence, indexed URL, and event-window analytics.","Time-to-publish, event-query impressions, clicks, referrals, shares, and links.","PHASE_2_ASSET_EXECUTION"
"Content & virality","High-arousal emotion (the core virality finding)","WORKS","EXECUTE_NOW","Berger & Milkman analysed ~7,000 New York Times articles over three months and found virality is driven by physiological arousal: content evoking high-arousal emotions — awe, anger, anxiety — is more viral, while low-arousal emotions (sadness) suppress sharing It fits the current site's data assets or fixes a prerequisite that blocks search discovery, so it enters the first executable program.","Medium: A multiplier on every other method here, not a method itself.","XS — it's a framing decision, not extra work.","Editorial template, David Miller voice guardrails, answer-first rule, and a fixed before/after content cohort.","Editorial/content lead","Template/content diff, editorial QA, live page, and controlled CTR/engagement comparison where volume permits.","SERP/social CTR, scroll depth, shares, saves, assisted clicks, and return visits.","PHASE_2_ASSET_EXECUTION"
"Content & virality","Practical value / ""useful"" sharing (STEPPS)","WORKS","EXECUTE_NOW","Berger's STEPPS framework — Social currency, Triggers, Emotion, Public, Practical value, Stories. It fits the current site's data assets or fixes a prerequisite that blocks search discovery, so it enters the first executable program.","Medium: Steady, unspectacular, compounding.","XS (framing).","Editorial template, David Miller voice guardrails, answer-first rule, and a fixed before/after content cohort.","Editorial/content lead","Template/content diff, editorial QA, live page, and controlled CTR/engagement comparison where volume permits.","SERP/social CTR, scroll depth, shares, saves, assisted clicks, and return visits.","PHASE_2_ASSET_EXECUTION"
"Content & virality","Social currency — make the sharer look smart","WORKS","EXECUTE_NOW","People share what makes them look good. It fits the current site's data assets or fixes a prerequisite that blocks search discovery, so it enters the first executable program.","Medium: High leverage, near-zero cost.","XS — one extractable, quotable, screenshot-able number per p","Editorial template, David Miller voice guardrails, answer-first rule, and a fixed before/after content cohort.","Editorial/content lead","Template/content diff, editorial QA, live page, and controlled CTR/engagement comparison where volume permits.","SERP/social CTR, scroll depth, shares, saves, assisted clicks, and return visits.","PHASE_2_ASSET_EXECUTION"
"Content & virality","Triggers — attach content to a recurring cue","WORKS","EXECUTE_NOW","Things get shared when the environment reminds people of them. It fits the current site's data assets or fixes a prerequisite that blocks search discovery, so it enters the first executable program.","Medium: Underrated.","XS–S.","Editorial template, David Miller voice guardrails, answer-first rule, and a fixed before/after content cohort.","Editorial/content lead","Template/content diff, editorial QA, live page, and controlled CTR/engagement comparison where volume permits.","SERP/social CTR, scroll depth, shares, saves, assisted clicks, and return visits.","PHASE_2_ASSET_EXECUTION"
"Content & virality","Surprising numbers as the hook","WORKS","EXECUTE_NOW","Lead with a specific, counterintuitive figure. It fits the current site's data assets or fixes a prerequisite that blocks search discovery, so it enters the first executable program.","Medium: Highest per-second-of-effort item in this report.","XS.","Editorial template, David Miller voice guardrails, answer-first rule, and a fixed before/after content cohort.","Editorial/content lead","Template/content diff, editorial QA, live page, and controlled CTR/engagement comparison where volume permits.","SERP/social CTR, scroll depth, shares, saves, assisted clicks, and return visits.","PHASE_2_ASSET_EXECUTION"
"Content & virality","Contrarian takes and manufactured controversy","SITUATIONAL","REJECT","Reject manufactured controversy because it trades trust for short-lived engagement in a nutrition/economics niche. Data-backed disagreement is retained through myth-busting and tier-list tasks.","None; avoided waste, spam risk, or brand dilution.","S.","None; retain this decision in the register and re-open only if the underlying platform or business model changes.","Program lead (documented exclusion)","No execution. Quarterly review only if a named external condition changes.","Zero spend and zero implementation time.","NOT_SCHEDULED"
"Content & virality","Myth-busting","WORKS","EXECUTE_NOW","Take a widely-believed claim and disprove it. It fits the current site's data assets or fixes a prerequisite that blocks search discovery, so it enters the first executable program.","Medium: Strong.","S–M.","Editorial template, David Miller voice guardrails, answer-first rule, and a fixed before/after content cohort.","Editorial/content lead","Template/content diff, editorial QA, live page, and controlled CTR/engagement comparison where volume permits.","SERP/social CTR, scroll depth, shares, saves, assisted clicks, and return visits.","PHASE_2_ASSET_EXECUTION"
"Content & virality","Identity-affirming content","WORKS","EXECUTE_NOW","Content that lets a reader signal who they are. It fits the current site's data assets or fixes a prerequisite that blocks search discovery, so it enters the first executable program.","Medium: Moderate; primarily a social/community multiplier.","XS (voice and framing).","Editorial template, David Miller voice guardrails, answer-first rule, and a fixed before/after content cohort.","Editorial/content lead","Template/content diff, editorial QA, live page, and controlled CTR/engagement comparison where volume permits.","SERP/social CTR, scroll depth, shares, saves, assisted clicks, and return visits.","PHASE_2_ASSET_EXECUTION"
"Content & virality","The curiosity gap","SITUATIONAL","REJECT","Reject deceptive curiosity-gap copy that withholds the answer. Answer-first pages and surprising-number hooks can create interest without damaging trust or search satisfaction.","None; avoided waste, spam risk, or brand dilution.","Unknown until scoped; estimate during prerequisite audit.","None; retain this decision in the register and re-open only if the underlying platform or business model changes.","Program lead (documented exclusion)","No execution. Quarterly review only if a named external condition changes.","Zero spend and zero implementation time.","NOT_SCHEDULED"
"Content & virality","Before / after","WORKS","EXECUTE_NOW","Visual or numeric transformation. It fits the current site's data assets or fixes a prerequisite that blocks search discovery, so it enters the first executable program.","High: Strongest visual format for Pinterest and short-form video in this niche, because the payoff is legible in under a second with no text.","M (requires actually doing it).","Approved visual style, rights-safe source assets, target query/URL mapping, and image metadata standard.","Editorial/content lead","Rendered asset QA, unique image checks, live crawlability, image sitemap/markup evidence, and channel impressions.","Image impressions, image clicks, pin outbound clicks, Discover eligibility, and asset CTR.","PHASE_2_ASSET_EXECUTION"
"Content & virality","Headline formulas","WORKS","EXECUTE_NOW","Repeatable title patterns — number + noun + benefit; ""X vs Y""; ""We tested N…""; ""The cheapest…""; ""What $1 buys."" It fits the current site's data assets or fixes a prerequisite that blocks search discovery, so it enters the first executable program.","Medium: Formulas don't create demand; they change CTR on demand that already exists — which for a zero-authority site means they matter mostly on Pinterest and Reddit, where the title is the product, and very","XS.","Editorial template, David Miller voice guardrails, answer-first rule, and a fixed before/after content cohort.","Editorial/content lead","Template/content diff, editorial QA, live page, and controlled CTR/engagement comparison where volume permits.","SERP/social CTR, scroll depth, shares, saves, assisted clicks, and return visits.","PHASE_2_ASSET_EXECUTION"
"Content & virality","The hook / first three seconds (video)","WORKS","EXECUTE_NOW","Your Remotion kinetic-video pipeline should open on the number, not on branding, not on a title card, not on ""hey guys."" Frame 1: ""$1 of flour = 78g protein."" Everything else follows. It fits the current site's data assets or fixes a prerequisite that blocks search discovery, so it enters the first executable program.","Medium: The single highest-leverage variable in short-form video.","XS once the template is set.","Validated format pilot, native-platform creative, account access, cadence capacity, and outbound measurement.","Growth program lead","Published pilot cohort with retention curve, view-to-profile rate, outbound clicks, and landing engagement.","3-second hold, completion rate, shares, profile visits, outbound clicks, and assisted conversions.","PHASE_2_ASSET_EXECUTION"
"Content & virality","Thumbnail and pin design","SITUATIONAL","EXECUTE_NOW","The image is the click decision on Pinterest, YouTube and Discover. It fits the current site's data assets or fixes a prerequisite that blocks search discovery, so it enters the first executable program.","High: On Pinterest, design quality is the dominant controllable variable.","XS–S per asset (pipeline exists).","Approved visual style, rights-safe source assets, target query/URL mapping, and image metadata standard.","Growth program lead","Rendered asset QA, unique image checks, live crawlability, image sitemap/markup evidence, and channel impressions.","Image impressions, image clicks, pin outbound clicks, Discover eligibility, and asset CTR.","PHASE_2_ASSET_EXECUTION"
"Content & virality","Skimmable structure, jump links and table of contents","WORKS","EXECUTE_NOW","Headings, short paragraphs, an anchor-linked TOC. It fits the current site's data assets or fixes a prerequisite that blocks search discovery, so it enters the first executable program.","Medium: Not a traffic source.","XS (template-level, once).","Editorial template, David Miller voice guardrails, answer-first rule, and a fixed before/after content cohort.","Editorial/content lead","Template/content diff, editorial QA, live page, and controlled CTR/engagement comparison where volume permits.","SERP/social CTR, scroll depth, shares, saves, assisted clicks, and return visits.","PHASE_2_ASSET_EXECUTION"
"Content & virality","FAQ blocks and structured data","SITUATIONAL","QUEUE","Q&A sections with FAQPage schema. The method is credible but ranks below the first two phases on expected return, current readiness, or marginal effort; it stays visible in the queue rather than being discarded.","Medium: Q&A sections with FAQPage schema.","Unknown until scoped; estimate during prerequisite audit.","Reproducible source data, methodology, date/location scope, citations, and a refresh owner.","Editorial/content lead","Published dataset/methodology, reproducibility check, live page, and tracked citations/referring domains.","Dataset downloads, citations, referring domains, non-brand impressions, and qualified sessions.","PHASE_3_QUEUE"
"Content & virality","Comparison tables","WORKS","EXECUTE_NOW","Side-by-side tables with the winner marked. It fits the current site's data assets or fixes a prerequisite that blocks search discovery, so it enters the first executable program.","Medium: Side-by-side tables with the winner marked.","XS from CSVs.","Editorial template, David Miller voice guardrails, answer-first rule, and a fixed before/after content cohort.","Editorial/content lead","Template/content diff, editorial QA, live page, and controlled CTR/engagement comparison where volume permits.","SERP/social CTR, scroll depth, shares, saves, assisted clicks, and return visits.","PHASE_2_ASSET_EXECUTION"
"Content & virality","Original imagery vs stock","WORKS","EXECUTE_NOW","Photographs you took, charts you made, vs licensed stock. It fits the current site's data assets or fixes a prerequisite that blocks search discovery, so it enters the first executable program.","High: Not a direct traffic source, but original imagery is what makes a page linkable, screenshot-able and Pinterest-viable, and it is one of the few remaining hard signals of first-hand experience.","S ongoing.","Approved visual style, rights-safe source assets, target query/URL mapping, and image metadata standard.","Growth program lead","Rendered asset QA, unique image checks, live crawlability, image sitemap/markup evidence, and channel impressions.","Image impressions, image clicks, pin outbound clicks, Discover eligibility, and asset CTR.","PHASE_2_ASSET_EXECUTION"
"Content & virality","One asset, many formats (atomisation)","WORKS","EXECUTE_NOW","Build one substantial thing, then cut it into a dozen distribution-shaped pieces. It fits the current site's data assets or fixes a prerequisite that blocks search discovery, so it enters the first executable program.","High: This is the only realistic way one operator competes on volume.","M to design the system once; XS per output afterwards.","Named owner, baseline measurement, and a bounded acceptance test.","Growth program lead","Before/after artifact plus dated analytics evidence on a fixed URL or asset cohort.","Qualified organic sessions and conversions attributable to the fixed cohort.","PHASE_2_ASSET_EXECUTION"
"Content & virality","Data → chart → pin → short (the site's specific pipeline)","SITUATIONAL","DEPENDENCY","The atomisation chain instantiated for this exact site. It is valid only after the named audience, ranking, platform, data, or format gate exists; starting earlier would consume capacity without a fair success test.","Medium: The highest-ROI existing machinery on the site.","Already invested; marginal cost per dataset is low.","Do not start until its gate is met. Reproducible source data, methodology, date/location scope, citations, and a refresh owner.","Growth program lead","Published dataset/methodology, reproducibility check, live page, and tracked citations/referring domains.","Dataset downloads, citations, referring domains, non-brand impressions, and qualified sessions.","PHASE_4_AFTER_DEPENDENCY"
"Content & virality","Article → video","SITUATIONAL","QUEUE","Turn a written piece into a short. The method is credible but ranks below the first two phases on expected return, current readiness, or marginal effort; it stays visible in the queue rather than being discarded.","Medium: Honest assessment: short-form video for a data/budget-food account is a slow, low-conversion channel — views rarely convert to site sessions (platforms suppress outbound links), and the topic is not n","S per video with the pipeline.","Validated format pilot, native-platform creative, account access, cadence capacity, and outbound measurement.","Growth program lead","Published pilot cohort with retention curve, view-to-profile rate, outbound clicks, and landing engagement.","3-second hold, completion rate, shares, profile visits, outbound clicks, and assisted conversions.","PHASE_3_QUEUE"
"Content & virality","Transcript → article","SITUATIONAL","DEPENDENCY","Turn spoken content (podcast, video, interview) into written pages. It is valid only after the named audience, ranking, platform, data, or format gate exists; starting earlier would consume capacity without a fair success test.","Medium: Turn spoken content (podcast, video, interview) into written pages.","Unknown until scoped; estimate during prerequisite audit.","Do not start until its gate is met. Named owner, baseline measurement, and a bounded acceptance test.","Growth program lead","Before/after artifact plus dated analytics evidence on a fixed URL or asset cohort.","Qualified organic sessions and conversions attributable to the fixed cohort.","PHASE_4_AFTER_DEPENDENCY"
"Content & virality","Evergreen recycling (re-posting the same asset over time)","SITUATIONAL","MANUAL_EXTERNAL","Re-share the same pin/post/thread on a schedule. Execution requires a human-controlled third-party account, editorial judgment, or public placement, so it cannot be safely automated or silently performed by an agent.","Medium: Real on Pinterest, where content has a long half-life and re-pinning of fresh variants is normal.","Unknown until scoped; estimate during prerequisite audit.","Named owner, baseline measurement, and a bounded acceptance test.","Distribution/operator with account access","Before/after artifact plus dated analytics evidence on a fixed URL or asset cohort.","Qualified organic sessions and conversions attributable to the fixed cohort.","PHASE_3_EXTERNAL"
"Content & virality","Content refresh and re-dating","WORKS","EXECUTE_NOW","Update an old page and update its date. It fits the current site's data assets or fixes a prerequisite that blocks search discovery, so it enters the first executable program.","High: Refreshing is generally the highest-ROI SEO work available to a site with existing content, because the pages already have history.","S per article, and it should be systematic — 216 articles wi","Fixed article inventory, GSC/Bing query export, URL-level quality rubric, and rollback-safe change list.","Editorial/content lead","Exact changed URL cohort, link/content diff, green build, live verification, then 28/56-day search comparison.","Indexed-query count, non-brand impressions, average position, organic clicks, and orphan-depth reduction.","PHASE_2_ASSET_EXECUTION"
"Content & virality","Translation into other languages","SITUATIONAL","REJECT","Reject translation for this cycle because the operation has no localization QA, country-specific price data, or multilingual distribution; machine-translated US data would be low-trust duplication.","None; avoided waste, spam risk, or brand dilution.","L (real localisation) / S (machine translation — not recomme","None; retain this decision in the register and re-open only if the underlying platform or business model changes.","Program lead (documented exclusion)","No execution. Quarterly review only if a named external condition changes.","Zero spend and zero implementation time.","NOT_SCHEDULED"
"Content & virality","Recurring weekly feature","WORKS","EXECUTE_NOW","Same format, same day, every week. It fits the current site's data assets or fixes a prerequisite that blocks search discovery, so it enters the first executable program.","Medium: Not a search play.","S/week if pipeline-fed, and it must be genuinely sustainable","Named owner, baseline measurement, and a bounded acceptance test.","Editorial/content lead","Before/after artifact plus dated analytics evidence on a fixed URL or asset cohort.","Qualified organic sessions and conversions attributable to the fixed cohort.","PHASE_2_ASSET_EXECUTION"
"Content & virality","Numbered series","SITUATIONAL","QUEUE","""Cheap Protein #14."" Sequence creates completionist pull and makes each entry cheap to conceive. The method is credible but ranks below the first two phases on expected return, current readiness, or marginal effort; it stays visible in the queue rather than being discarded.","Medium: Low individually; the benefit is throughput and internal linking.","XS marginal per entry.","Named owner, baseline measurement, and a bounded acceptance test.","Editorial/content lead","Before/after artifact plus dated analytics evidence on a fixed URL or asset cohort.","Qualified organic sessions and conversions attributable to the fixed cohort.","PHASE_3_QUEUE"
"Content & virality","Annual editions","WORKS","QUEUE","The same study re-run each year, dated. The method is credible but ranks below the first two phases on expected return, current readiness, or marginal effort; it stays visible in the queue rather than being discarded.","Medium: The same study re-run each year, dated.","Unknown until scoped; estimate during prerequisite audit.","Named owner, baseline measurement, and a bounded acceptance test.","Editorial/content lead","Before/after artifact plus dated analytics evidence on a fixed URL or asset cohort.","Qualified organic sessions and conversions attributable to the fixed cohort.","PHASE_3_QUEUE"
"Content & virality","Challenges people join","SITUATIONAL","DEPENDENCY","A time-boxed, participatory commitment. It is valid only after the named audience, ranking, platform, data, or format gate exists; starting earlier would consume capacity without a fair success test.","Medium: Requires an existing audience to seed it.","M–L (needs email sequence, community surface, and daily cont","Do not start until its gate is met. Named owner, baseline measurement, and a bounded acceptance test.","Growth program lead","Before/after artifact plus dated analytics evidence on a fixed URL or asset cohort.","Qualified organic sessions and conversions attributable to the fixed cohort.","PHASE_4_AFTER_DEPENDENCY"
"Content & virality","Named methodology / branded concept","WORKS","EXECUTE_NOW","Give your approach a name so people can refer to it. It fits the current site's data assets or fixes a prerequisite that blocks search discovery, so it enters the first executable program.","Medium: Small but uniquely uncontested.","XS.","Named owner, baseline measurement, and a bounded acceptance test.","Editorial/content lead","Before/after artifact plus dated analytics evidence on a fixed URL or asset cohort.","Qualified organic sessions and conversions attributable to the fixed cohort.","PHASE_2_ASSET_EXECUTION"
"Content & virality","The personalised-result viral calculator","WORKS","EXECUTE_NOW","A calculator that returns your number, not a number. It fits the current site's data assets or fixes a prerequisite that blocks search discovery, so it enters the first executable program.","High: The highest-ceiling single build available to this site.","M.","Validated user job, trusted input data, privacy/accessibility review, and instrumented outcome events.","Product engineering","Functional tests, mobile/accessibility QA, live tool, event telemetry, and user-completion evidence.","Tool starts, completion rate, shares, email opt-ins, returning users, links, and organic landing sessions.","PHASE_2_ASSET_EXECUTION"
"Content & virality","Controversial rankings and tier lists","WORKS","EXECUTE_NOW","Rank things people have feelings about, and let them fight about it. It fits the current site's data assets or fixes a prerequisite that blocks search discovery, so it enters the first executable program.","Medium: Good engagement, good comment volume, moderate traffic.","S.","Named owner, baseline measurement, and a bounded acceptance test.","Editorial/content lead","Before/after artifact plus dated analytics evidence on a fixed URL or asset cohort.","Qualified organic sessions and conversions attributable to the fixed cohort.","PHASE_2_ASSET_EXECUTION"
"Content & virality","""What your X says about you""","SITUATIONAL","REJECT","Reject the generic 'what your X says about you' format because it is dated, weakly connected to food-cost expertise, and would dilute the evidence-led brand.","None; avoided waste, spam risk, or brand dilution.","Unknown until scoped; estimate during prerequisite audit.","None; retain this decision in the register and re-open only if the underlying platform or business model changes.","Program lead (documented exclusion)","No execution. Quarterly review only if a named external condition changes.","Zero spend and zero implementation time.","NOT_SCHEDULED"
"Content & virality","Data visualisations built for r/dataisbeautiful","WORKS","MANUAL_EXTERNAL","Post original charts to a 22M-member subreddit that exists specifically to consume them. Execution requires a human-controlled third-party account, editorial judgment, or public placement, so it cannot be safely automated or silently performed by an agent.","High: A front-page r/dataisbeautiful post can send five figures of traffic in a day.","XS per post (assets exist).","Approved visual style, rights-safe source assets, target query/URL mapping, and image metadata standard.","Distribution/operator with account access","Rendered asset QA, unique image checks, live crawlability, image sitemap/markup evidence, and channel impressions.","Image impressions, image clicks, pin outbound clicks, Discover eligibility, and asset CTR.","PHASE_3_EXTERNAL"
"Content & virality","Silly generators","SITUATIONAL","REJECT","Reject pure novelty generators because they rarely convert and attract an audience unrelated to the site's economic data. The useful personalized calculator remains approved.","None; avoided waste, spam risk, or brand dilution.","Unknown until scoped; estimate during prerequisite audit.","None; retain this decision in the register and re-open only if the underlying platform or business model changes.","Program lead (documented exclusion)","No execution. Quarterly review only if a named external condition changes.","Zero spend and zero implementation time.","NOT_SCHEDULED"
"Content & virality","April Fools / fake product","MYTH","REJECT","Reject April Fools/fake-product content because a low-awareness evidence site lacks the audience context for the joke and risks eroding hard-won trust.","None; avoided waste, spam risk, or brand dilution.","Unknown until scoped; estimate during prerequisite audit.","None; retain this decision in the register and re-open only if the underlying platform or business model changes.","Program lead (documented exclusion)","No execution. Quarterly review only if a named external condition changes.","Zero spend and zero implementation time.","NOT_SCHEDULED"
"Content & virality","Getting cited on Wikipedia","SITUATIONAL","MANUAL_EXTERNAL","Your dataset becomes a citation on a relevant Wikipedia article. Execution requires a human-controlled third-party account, editorial judgment, or public placement, so it cannot be safely automated or silently performed by an agent.","Medium: The link is nofollow and sends little direct traffic.","S–M, plus patience.","Platform-rule review, account access, non-promotional contribution, approved evidence asset, and UTM plan.","Distribution/operator with account access","Public placement URL/screenshot, rule compliance, referral sessions, engagement, and any earned citation.","Accepted placements, referral sessions, engaged sessions, mentions, citations, and referring domains.","PHASE_3_EXTERNAL"
"Content & virality","Journalist-request platforms (HARO and successors)","SITUATIONAL","MANUAL_EXTERNAL","Answer reporter queries; earn a quote and a link. Execution requires a human-controlled third-party account, editorial judgment, or public placement, so it cannot be safely automated or silently performed by an agent.","Medium: Little direct traffic; occasionally excellent links.","S ongoing (daily email triage), and response speed decides e","Platform-rule review, account access, non-promotional contribution, approved evidence asset, and UTM plan.","Distribution/operator with account access","Public placement URL/screenshot, rule compliance, referral sessions, engagement, and any earned citation.","Accepted placements, referral sessions, engaged sessions, mentions, citations, and referring domains.","PHASE_3_EXTERNAL"
"Content & virality","The ""state of the industry"" report","SITUATIONAL","DEPENDENCY","An annual report positioning you as the sector's record-keeper. It is valid only after the named audience, ranking, platform, data, or format gate exists; starting earlier would consume capacity without a fair success test.","Medium: Low traffic, high citation.","L.","Do not start until its gate is met. Named owner, baseline measurement, and a bounded acceptance test.","Research/distribution lead","Before/after artifact plus dated analytics evidence on a fixed URL or asset cohort.","Qualified organic sessions and conversions attributable to the fixed cohort.","PHASE_4_AFTER_DEPENDENCY"
"Content & virality","Reverse-engineering someone else's viral hit","WORKS","EXECUTE_NOW","Find a piece that went viral in an adjacent niche and rebuild it with your data. It fits the current site's data assets or fixes a prerequisite that blocks search discovery, so it enters the first executable program.","High: Reliable, unglamorous, and consistently underrated — demand is already proven, so you're not gambling on whether people care.","S.","Named owner, baseline measurement, and a bounded acceptance test.","Editorial/content lead","Before/after artifact plus dated analytics evidence on a fixed URL or asset cohort.","Qualified organic sessions and conversions attributable to the fixed cohort.","PHASE_2_ASSET_EXECUTION"
"Content & virality","Free tool built for a different audience's problem","WORKS","EXECUTE_NOW","Build a tool that serves an adjacent professional audience who will link to it from high-authority domains. It fits the current site's data assets or fixes a prerequisite that blocks search discovery, so it enters the first executable program.","High: Low volume, exceptional link quality.","M.","Validated user job, trusted input data, privacy/accessibility review, and instrumented outcome events.","Product engineering","Functional tests, mobile/accessibility QA, live tool, event telemetry, and user-completion evidence.","Tool starts, completion rate, shares, email opt-ins, returning users, links, and organic landing sessions.","PHASE_2_ASSET_EXECUTION"
"Content & virality","What the pattern says","DEAD","REJECT","Reject this row because 'What the pattern says' is a report summary heading, not an executable method. Its conclusions are represented in the individual approved tasks.","None; avoided waste, spam risk, or brand dilution.","Unknown until scoped; estimate during prerequisite audit.","None; retain this decision in the register and re-open only if the underlying platform or business model changes.","Program lead (documented exclusion)","No execution. Quarterly review only if a named external condition changes.","Zero spend and zero implementation time.","NOT_SCHEDULED"
