category,title,flag,decision,decision_reason,expected_impact,effort,prerequisites,execution_owner,proof_required,kpi,phase
"Distribution surfaces","Legitimacy flags","SITUATIONAL","REJECT","Legitimacy flags is a catalog heading or legend, not an executable growth method.","None","XL","None; retain only as a do-not-do control.","Growth lead / policy guardrail","Decision log names Legitimacy flags, the prohibited/invalid mechanism, and the concrete risk or lack of audience.","0 implementation incidents; 0 policy violations; 0 spend.","NEVER"
"Distribution surfaces","Index — 83 surfaces","SITUATIONAL","REJECT","Index — 83 surfaces is a catalog heading or legend, not an executable growth method.","None","M","None; retain only as a do-not-do control.","Growth lead / policy guardrail","Decision log names Index — 83 surfaces, the prohibited/invalid mechanism, and the concrete risk or lack of audience.","0 implementation incidents; 0 policy violations; 0 spend.","NEVER"
"Distribution surfaces","Google News / Google Discover (no application)","WORKS","EXECUTE_NOW","Google News / Google Discover (no application) creates or improves an owned, measurable discovery asset and can begin without waiting for an external acceptance decision.","High","S","Approved pitch/submission copy, qualified target list, tracked destination URL, and human account/relationship owner.","SEO/data engineering","Repository diff, passing build/validator, live URL/feed response, and relevant rich-result or crawl eligibility check.","Discover/News impressions, clicks, CTR, and eligible indexed article count.","P1_0_30D"
"Distribution surfaces","Microsoft Start / MSN Partner Hub (PubHub)","SITUATIONAL","MANUAL_EXTERNAL","Microsoft Start / MSN Partner Hub (PubHub) is legitimate and potentially measurable, but execution requires a human-controlled external account, submission, relationship, or outreach action.","Medium","S","Named owner, baseline metrics, one tracked landing URL, and a 30-day test window.","Founder or partnerships lead","Submission/outreach log, destination URL, date, response/status, UTM link, and referral analytics screenshot/export.","Acceptance/reply rate, live placements, referral sessions, earned links, and assisted conversions.","P2_MANUAL_31_60D"
"Distribution surfaces","Apple News Publisher","SITUATIONAL","DEPENDENCY","Apple News Publisher is valid only after its named asset, audience, eligibility, or platform prerequisite exists; activating it earlier would create an empty channel.","Low-Medium","S","Approved pitch/submission copy, qualified target list, tracked destination URL, and human account/relationship owner.","Growth operations","Prerequisite artifact and owner verified first; then a live eligibility/account/feed check before activation.","Qualified referral sessions, engaged-session rate, earned links/mentions, and 30-day repeatability.","P2_DEPENDENCY_31_60D"
"Distribution surfaces","SmartNews Partner Program","SITUATIONAL","DEPENDENCY","SmartNews Partner Program is valid only after its named asset, audience, eligibility, or platform prerequisite exists; activating it earlier would create an empty channel.","Low-Medium","S","Approved pitch/submission copy, qualified target list, tracked destination URL, and human account/relationship owner.","Growth operations","Prerequisite artifact and owner verified first; then a live eligibility/account/feed check before activation.","Qualified referral sessions, engaged-session rate, earned links/mentions, and 30-day repeatability.","P2_DEPENDENCY_31_60D"
"Distribution surfaces","NewsBreak Creator Program","SITUATIONAL","DEPENDENCY","NewsBreak Creator Program is valid only after its named asset, audience, eligibility, or platform prerequisite exists; activating it earlier would create an empty channel.","Low-Medium","XL","Approved pitch/submission copy, qualified target list, tracked destination URL, and human account/relationship owner.","Editorial lead","Prerequisite artifact and owner verified first; then a live eligibility/account/feed check before activation.","Qualified referral sessions, engaged-session rate, earned links/mentions, and 30-day repeatability.","P2_DEPENDENCY_31_60D"
"Distribution surfaces","Flipboard (Magazines + feed ingest)","WORKS","MANUAL_EXTERNAL","Flipboard (Magazines + feed ingest) is legitimate and potentially measurable, but execution requires a human-controlled external account, submission, relationship, or outreach action.","Medium-High","XS","Named owner, baseline metrics, one tracked landing URL, and a 30-day test window.","Founder or partnerships lead","Submission/outreach log, destination URL, date, response/status, UTM link, and referral analytics screenshot/export.","Acceptance/reply rate, live placements, referral sessions, earned links, and assisted conversions.","P1_MANUAL_0_30D"
"Distribution surfaces","Feedly / Inoreader / NewsBlur (RSS readers)","SITUATIONAL","EXECUTE_NOW","Feedly / Inoreader / NewsBlur (RSS readers) creates or improves an owned, measurable discovery asset and can begin without waiting for an external acceptance decision.","Medium-High","XS","Approved pitch/submission copy, qualified target list, tracked destination URL, and human account/relationship owner.","SEO/data engineering","Repository diff, passing build/validator, live URL/feed response, and relevant rich-result or crawl eligibility check.","Qualified referral sessions, engaged-session rate, earned links/mentions, and 30-day repeatability.","P1_0_30D"
"Distribution surfaces","AllTop","DEAD","REJECT","Reject AllTop: the source audit marks the channel DEAD; it has no active audience or reliable referral path, so expected traffic is effectively zero.","None","S","None; retain only as a do-not-do control.","Growth lead / policy guardrail","Decision log names AllTop, the prohibited/invalid mechanism, and the concrete risk or lack of audience.","0 implementation incidents; 0 policy violations; 0 spend.","NEVER"
"Distribution surfaces","Digg (relaunch)","SITUATIONAL","QUEUE","Digg (relaunch) is legitimate but lower priority than the first 60 days' owned-data, tool, citation, and proven distribution work.","Low-Medium","M","Named owner, baseline metrics, one tracked landing URL, and a 30-day test window.","Growth operations","Live artifact or logged experiment, baseline, tagged traffic, and 30-day outcome report.","Qualified referral sessions, engaged-session rate, earned links/mentions, and 30-day repeatability.","P3_QUEUE_61_90D"
"Distribution surfaces","Mix.com (ex-StumbleUpon)","SITUATIONAL","REJECT","The source research estimates near-zero credible traffic and the audience is not meaningfully active for this site; effort would displace live channels.","None","S","None; retain only as a do-not-do control.","Growth lead / policy guardrail","Decision log names Mix.com (ex-StumbleUpon), the prohibited/invalid mechanism, and the concrete risk or lack of audience.","0 implementation incidents; 0 policy violations; 0 spend.","NEVER"
"Distribution surfaces","Yahoo / AOL content network","SITUATIONAL","DEPENDENCY","Yahoo / AOL content network is valid only after its named asset, audience, eligibility, or platform prerequisite exists; activating it earlier would create an empty channel.","Low-Medium","M","Named owner, baseline metrics, one tracked landing URL, and a 30-day test window.","Editorial lead","Prerequisite artifact and owner verified first; then a live eligibility/account/feed check before activation.","Qualified referral sessions, engaged-session rate, earned links/mentions, and 30-day repeatability.","P2_DEPENDENCY_31_60D"
"Distribution surfaces","Upday","DEAD","REJECT","Reject Upday: the source audit marks the channel DEAD; it has no active audience or reliable referral path, so expected traffic is effectively zero.","None","S","None; retain only as a do-not-do control.","Growth lead / policy guardrail","Decision log names Upday, the prohibited/invalid mechanism, and the concrete risk or lack of audience.","0 implementation incidents; 0 policy violations; 0 spend.","NEVER"
"Distribution surfaces","MediaFeed (syndication intermediary into MSN/Yahoo/AOL)","WORKS","MANUAL_EXTERNAL","MediaFeed (syndication intermediary into MSN/Yahoo/AOL) is legitimate and potentially measurable, but execution requires a human-controlled external account, submission, relationship, or outreach action.","Medium","M","Named owner, baseline metrics, one tracked landing URL, and a 30-day test window.","Founder or partnerships lead","Submission/outreach log, destination URL, date, response/status, UTM link, and referral analytics screenshot/export.","Acceptance/reply rate, live placements, referral sessions, earned links, and assisted conversions.","P2_MANUAL_31_60D"
"Distribution surfaces","Medium — republish with canonical","SITUATIONAL","MANUAL_EXTERNAL","Medium — republish with canonical is legitimate and potentially measurable, but execution requires a human-controlled external account, submission, relationship, or outreach action.","Medium-High","M","Named owner, baseline metrics, one tracked landing URL, and a 30-day test window.","Founder or partnerships lead","Submission/outreach log, destination URL, date, response/status, UTM link, and referral analytics screenshot/export.","Acceptance/reply rate, live placements, referral sessions, earned links, and assisted conversions.","P1_MANUAL_0_30D"
"Distribution surfaces","Substack (mirror publication + Recommendations network)","WORKS","MANUAL_EXTERNAL","Substack (mirror publication + Recommendations network) is legitimate and potentially measurable, but execution requires a human-controlled external account, submission, relationship, or outreach action.","Medium-High","M","Active newsletter, clear value proposition, attribution tracking, and owner access to the external account.","Founder or partnerships lead","Submission/outreach log, destination URL, date, response/status, UTM link, and referral analytics screenshot/export.","Confirmed subscribers, referral sessions, outbound CTR, and 30-day retained subscribers.","P1_MANUAL_0_30D"
"Distribution surfaces","Substack Notes / cross-recommendation swaps","WORKS","MANUAL_EXTERNAL","Substack Notes / cross-recommendation swaps is legitimate and potentially measurable, but execution requires a human-controlled external account, submission, relationship, or outreach action.","Medium-High","XS","Active newsletter, clear value proposition, attribution tracking, and owner access to the external account.","Founder or partnerships lead","Submission/outreach log, destination URL, date, response/status, UTM link, and referral analytics screenshot/export.","Confirmed subscribers, referral sessions, outbound CTR, and 30-day retained subscribers.","P1_MANUAL_0_30D"
"Distribution surfaces","LinkedIn Articles & LinkedIn Newsletters","SITUATIONAL","MANUAL_EXTERNAL","LinkedIn Articles & LinkedIn Newsletters is legitimate and potentially measurable, but execution requires a human-controlled external account, submission, relationship, or outreach action.","Medium","S","Active newsletter, clear value proposition, attribution tracking, and owner access to the external account.","Founder or partnerships lead","Submission/outreach log, destination URL, date, response/status, UTM link, and referral analytics screenshot/export.","Confirmed subscribers, referral sessions, outbound CTR, and 30-day retained subscribers.","P2_MANUAL_31_60D"
"Distribution surfaces","Creative Commons / ""Steal Our Stories"" free-republication licensing","SITUATIONAL","EXECUTE_NOW","Creative Commons / ""Steal Our Stories"" free-republication licensing creates or improves an owned, measurable discovery asset and can begin without waiting for an external acceptance decision.","Medium","S","Named owner, baseline metrics, one tracked landing URL, and a 30-day test window.","Growth operations","Live artifact or logged experiment, baseline, tagged traffic, and 30-day outcome report.","Qualified referral sessions, engaged-session rate, earned links/mentions, and 30-day repeatability.","P2_31_60D"
"Distribution surfaces","Translation + republication in other languages","SITUATIONAL","DEPENDENCY","Translation + republication in other languages is valid only after its named asset, audience, eligibility, or platform prerequisite exists; activating it earlier would create an empty channel.","Low-Medium","L","Evidence of US-language demand, native editorial QA, hreflang/canonical plan, and maintenance capacity.","Growth operations","Prerequisite artifact and owner verified first; then a live eligibility/account/feed check before activation.","Qualified referral sessions, engaged-session rate, earned links/mentions, and 30-day repeatability.","P2_DEPENDENCY_31_60D"
"Distribution surfaces","Vocal / Hubpages / Blogger / Tumblr / Ezine-style cross-posting","DEAD","REJECT","Reject Vocal / Hubpages / Blogger / Tumblr / Ezine-style cross-posting: the source audit marks the channel DEAD; it has no active audience or reliable referral path, so expected traffic is effectively zero.","None","M","None; retain only as a do-not-do control.","Growth lead / policy guardrail","Decision log names Vocal / Hubpages / Blogger / Tumblr / Ezine-style cross-posting, the prohibited/invalid mechanism, and the concrete risk or lack of audience.","0 implementation incidents; 0 policy violations; 0 spend.","NEVER"
"Distribution surfaces","Guest republication on established niche sites (one-off syndication deals)","SITUATIONAL","MANUAL_EXTERNAL","Guest republication on established niche sites (one-off syndication deals) is legitimate and potentially measurable, but execution requires a human-controlled external account, submission, relationship, or outreach action.","Medium","L","Approved pitch/submission copy, qualified target list, tracked destination URL, and human account/relationship owner.","Founder or partnerships lead","Submission/outreach log, destination URL, date, response/status, UTM link, and referral analytics screenshot/export.","Acceptance/reply rate, live placements, referral sessions, earned links, and assisted conversions.","P2_MANUAL_31_60D"
"Distribution surfaces","General blog directories (Blogarama, Technorati, DMOZ, ""50 high-PR directories"")","DEAD","REJECT","Reject General blog directories (Blogarama, Technorati, DMOZ, ""50 high-PR directories""): the source audit marks the channel DEAD; it has no active audience or reliable referral path, so expected traffic is effectively zero.","None","M","None; retain only as a do-not-do control.","Growth lead / policy guardrail","Decision log names General blog directories (Blogarama, Technorati, DMOZ, ""50 high-PR directories""), the prohibited/invalid mechanism, and the concrete risk or lack of audience.","0 implementation incidents; 0 policy violations; 0 spend.","NEVER"
"Distribution surfaces","Niche/industry directories (the surviving exception)","SITUATIONAL","MANUAL_EXTERNAL","Niche/industry directories (the surviving exception) is legitimate and potentially measurable, but execution requires a human-controlled external account, submission, relationship, or outreach action.","Medium","XS","Named owner, baseline metrics, one tracked landing URL, and a 30-day test window.","Founder or partnerships lead","Submission/outreach log, destination URL, date, response/status, UTM link, and referral analytics screenshot/export.","Acceptance/reply rate, live placements, referral sessions, earned links, and assisted conversions.","P2_MANUAL_31_60D"
"Distribution surfaces","Feedspot ""Top N Blogs"" lists","SITUATIONAL","MANUAL_EXTERNAL","Feedspot ""Top N Blogs"" lists is legitimate and potentially measurable, but execution requires a human-controlled external account, submission, relationship, or outreach action.","Medium","XS","Named owner, baseline metrics, one tracked landing URL, and a 30-day test window.","Founder or partnerships lead","Submission/outreach log, destination URL, date, response/status, UTM link, and referral analytics screenshot/export.","Acceptance/reply rate, live placements, referral sessions, earned links, and assisted conversions.","P2_MANUAL_31_60D"
"Distribution surfaces","foodgawker","WORKS","MANUAL_EXTERNAL","foodgawker is legitimate and potentially measurable, but execution requires a human-controlled external account, submission, relationship, or outreach action.","Medium-High","XS","Approved pitch/submission copy, qualified target list, tracked destination URL, and human account/relationship owner.","Founder or partnerships lead","Submission/outreach log, destination URL, date, response/status, UTM link, and referral analytics screenshot/export.","Acceptance/reply rate, live placements, referral sessions, earned links, and assisted conversions.","P1_MANUAL_0_30D"
"Distribution surfaces","Tastespotting and the smaller photo-gallery sites","SITUATIONAL","REJECT","The source research estimates near-zero traffic from the surviving gallery sites; foodgawker is the one curated gallery retained for testing.","None","XS","None; retain only as a do-not-do control.","Growth lead / policy guardrail","Decision log names Tastespotting and the smaller photo-gallery sites, the prohibited/invalid mechanism, and the concrete risk or lack of audience.","0 implementation incidents; 0 policy violations; 0 spend.","NEVER"
"Distribution surfaces","Yummly","DEAD","REJECT","Reject Yummly: the source audit marks the channel DEAD; it has no active audience or reliable referral path, so expected traffic is effectively zero.","None","M","None; retain only as a do-not-do control.","Growth lead / policy guardrail","Decision log names Yummly, the prohibited/invalid mechanism, and the concrete risk or lack of audience.","0 implementation incidents; 0 policy violations; 0 spend.","NEVER"
"Distribution surfaces","Product Hunt","SITUATIONAL","MANUAL_EXTERNAL","Product Hunt is legitimate and potentially measurable, but execution requires a human-controlled external account, submission, relationship, or outreach action.","Medium","M","Approved pitch/submission copy, qualified target list, tracked destination URL, and human account/relationship owner.","Founder or partnerships lead","Submission/outreach log, destination URL, date, response/status, UTM link, and referral analytics screenshot/export.","Acceptance/reply rate, live placements, referral sessions, earned links, and assisted conversions.","P2_MANUAL_31_60D"
"Distribution surfaces","Product Hunt alternatives: Uneed, Fazier, MicroLaunch, Peerlist, BetaList","SITUATIONAL","MANUAL_EXTERNAL","Product Hunt alternatives: Uneed, Fazier, MicroLaunch, Peerlist, BetaList is legitimate and potentially measurable, but execution requires a human-controlled external account, submission, relationship, or outreach action.","Medium","XS","Approved pitch/submission copy, qualified target list, tracked destination URL, and human account/relationship owner.","Founder or partnerships lead","Submission/outreach log, destination URL, date, response/status, UTM link, and referral analytics screenshot/export.","Acceptance/reply rate, live placements, referral sessions, earned links, and assisted conversions.","P2_MANUAL_31_60D"
"Distribution surfaces","AlternativeTo","SITUATIONAL","MANUAL_EXTERNAL","AlternativeTo is legitimate and potentially measurable, but execution requires a human-controlled external account, submission, relationship, or outreach action.","Medium","L","Named owner, baseline metrics, one tracked landing URL, and a 30-day test window.","Founder or partnerships lead","Submission/outreach log, destination URL, date, response/status, UTM link, and referral analytics screenshot/export.","Acceptance/reply rate, live placements, referral sessions, earned links, and assisted conversions.","P2_MANUAL_31_60D"
"Distribution surfaces","SaaSHub / Slant / Uneed-class comparison sites","SITUATIONAL","MANUAL_EXTERNAL","SaaSHub / Slant / Uneed-class comparison sites is legitimate and potentially measurable, but execution requires a human-controlled external account, submission, relationship, or outreach action.","Medium","XS","Named owner, baseline metrics, one tracked landing URL, and a 30-day test window.","Founder or partnerships lead","Submission/outreach log, destination URL, date, response/status, UTM link, and referral analytics screenshot/export.","Acceptance/reply rate, live placements, referral sessions, earned links, and assisted conversions.","P2_MANUAL_31_60D"
"Distribution surfaces","AI-tool directories (the ""submit to 100 AI directories"" genre)","MYTH","REJECT","Daily Life Hacks is not an AI product, and bulk AI-directory submission is a low-quality directory blast with no audience fit.","None","M","None; retain only as a do-not-do control.","Growth lead / policy guardrail","Decision log names AI-tool directories (the ""submit to 100 AI directories"" genre), the prohibited/invalid mechanism, and the concrete risk or lack of audience.","0 implementation incidents; 0 policy violations; 0 spend.","NEVER"
"Distribution surfaces","Tool / calculator directories (Calculator.net-style aggregators, ""free online tools"" lists)","SITUATIONAL","DEPENDENCY","Tool / calculator directories (Calculator.net-style aggregators, ""free online tools"" lists) is valid only after its named asset, audience, eligibility, or platform prerequisite exists; activating it earlier would create an empty channel.","High","S","A genuinely useful public tool/API, embed-safe attribution, documentation, and abuse/performance review.","SEO/data engineering","Prerequisite artifact and owner verified first; then a live eligibility/account/feed check before activation.","Tool starts/completions, embeds, referring domains, assisted article sessions, and returning users.","P2_DEPENDENCY_31_60D"
"Distribution surfaces","University LibGuides — ""Suggest a resource""","WORKS","MANUAL_EXTERNAL","University LibGuides — ""Suggest a resource"" is legitimate and potentially measurable, but execution requires a human-controlled external account, submission, relationship, or outreach action.","Medium","M","Approved pitch/submission copy, qualified target list, tracked destination URL, and human account/relationship owner.","Founder or partnerships lead","Submission/outreach log, destination URL, date, response/status, UTM link, and referral analytics screenshot/export.","Acceptance/reply rate, live placements, referral sessions, earned links, and assisted conversions.","P2_MANUAL_31_60D"
"Distribution surfaces","Public library resource pages / ""consumer health"" & ""financial literacy"" guides","SITUATIONAL","MANUAL_EXTERNAL","Public library resource pages / ""consumer health"" & ""financial literacy"" guides is legitimate and potentially measurable, but execution requires a human-controlled external account, submission, relationship, or outreach action.","Medium","M","Approved pitch/submission copy, qualified target list, tracked destination URL, and human account/relationship owner.","Founder or partnerships lead","Submission/outreach log, destination URL, date, response/status, UTM link, and referral analytics screenshot/export.","Acceptance/reply rate, live placements, referral sessions, earned links, and assisted conversions.","P2_MANUAL_31_60D"
"Distribution surfaces","Cooperative Extension / SNAP-Ed resource lists","SITUATIONAL","MANUAL_EXTERNAL","Cooperative Extension / SNAP-Ed resource lists is legitimate and potentially measurable, but execution requires a human-controlled external account, submission, relationship, or outreach action.","Medium","L","Approved pitch/submission copy, qualified target list, tracked destination URL, and human account/relationship owner.","Founder or partnerships lead","Submission/outreach log, destination URL, date, response/status, UTM link, and referral analytics screenshot/export.","Acceptance/reply rate, live placements, referral sessions, earned links, and assisted conversions.","P2_MANUAL_31_60D"
"Distribution surfaces","Food bank & hunger-relief nonprofit resource pages","SITUATIONAL","MANUAL_EXTERNAL","Food bank & hunger-relief nonprofit resource pages is legitimate and potentially measurable, but execution requires a human-controlled external account, submission, relationship, or outreach action.","Medium","M","Approved pitch/submission copy, qualified target list, tracked destination URL, and human account/relationship owner.","Founder or partnerships lead","Submission/outreach log, destination URL, date, response/status, UTM link, and referral analytics screenshot/export.","Acceptance/reply rate, live placements, referral sessions, earned links, and assisted conversions.","P2_MANUAL_31_60D"
"Distribution surfaces","OER Commons","SITUATIONAL","MANUAL_EXTERNAL","OER Commons is legitimate and potentially measurable, but execution requires a human-controlled external account, submission, relationship, or outreach action.","Medium","S","Approved pitch/submission copy, qualified target list, tracked destination URL, and human account/relationship owner.","Founder or partnerships lead","Submission/outreach log, destination URL, date, response/status, UTM link, and referral analytics screenshot/export.","Acceptance/reply rate, live placements, referral sessions, earned links, and assisted conversions.","P2_MANUAL_31_60D"
"Distribution surfaces","MERLOT (peer-reviewed OER catalog)","SITUATIONAL","MANUAL_EXTERNAL","MERLOT (peer-reviewed OER catalog) is legitimate and potentially measurable, but execution requires a human-controlled external account, submission, relationship, or outreach action.","Medium","M","Approved pitch/submission copy, qualified target list, tracked destination URL, and human account/relationship owner.","Founder or partnerships lead","Submission/outreach log, destination URL, date, response/status, UTM link, and referral analytics screenshot/export.","Acceptance/reply rate, live placements, referral sessions, earned links, and assisted conversions.","P2_MANUAL_31_60D"
"Distribution surfaces","City / state / federal open-data catalogs (CKAN, Socrata, data.gov)","MYTH","REJECT","Those catalogs accept government or institution-owned datasets, not a private publisher's grocery studies; there is no legitimate submission path.","None","M","None; retain only as a do-not-do control.","Growth lead / policy guardrail","Decision log names City / state / federal open-data catalogs (CKAN, Socrata, data.gov), the prohibited/invalid mechanism, and the concrete risk or lack of audience.","0 implementation incidents; 0 policy violations; 0 spend.","NEVER"
"Distribution surfaces","Teacher resource sites (TeachersPayTeachers free listings, Share My Lesson, CommonLit-style)","SITUATIONAL","MANUAL_EXTERNAL","Teacher resource sites (TeachersPayTeachers free listings, Share My Lesson, CommonLit-style) is legitimate and potentially measurable, but execution requires a human-controlled external account, submission, relationship, or outreach action.","Medium","M","Approved pitch/submission copy, qualified target list, tracked destination URL, and human account/relationship owner.","Founder or partnerships lead","Submission/outreach log, destination URL, date, response/status, UTM link, and referral analytics screenshot/export.","Acceptance/reply rate, live placements, referral sessions, earned links, and assisted conversions.","P2_MANUAL_31_60D"
"Distribution surfaces","Google Dataset Search","WORKS","EXECUTE_NOW","Google Dataset Search creates or improves an owned, measurable discovery asset and can begin without waiting for an external acceptance decision.","Medium-High","S","Validated CSV/data dictionary, methodology page, explicit license, stable canonical study URLs.","SEO/data engineering","Live public asset, source/license/methodology links, analytics event, Search Console/Bing inclusion evidence, and 30-day cohort report.","Dataset views/downloads, referring domains, citation mentions, and qualified sessions to study URLs.","P1_0_30D"
"Distribution surfaces","Zenodo (CERN)","WORKS","MANUAL_EXTERNAL","Zenodo (CERN) is legitimate and potentially measurable, but execution requires a human-controlled external account, submission, relationship, or outreach action.","Medium-High","S","Validated CSV/data dictionary, methodology page, explicit license, stable canonical study URLs.","Founder or partnerships lead","Submission/outreach log, destination URL, date, response/status, UTM link, and referral analytics screenshot/export.","Dataset views/downloads, referring domains, citation mentions, and qualified sessions to study URLs.","P1_MANUAL_0_30D"
"Distribution surfaces","Harvard Dataverse","WORKS","MANUAL_EXTERNAL","Harvard Dataverse is legitimate and potentially measurable, but execution requires a human-controlled external account, submission, relationship, or outreach action.","Medium-High","S","Validated CSV/data dictionary, methodology page, explicit license, stable canonical study URLs.","Founder or partnerships lead","Submission/outreach log, destination URL, date, response/status, UTM link, and referral analytics screenshot/export.","Dataset views/downloads, referring domains, citation mentions, and qualified sessions to study URLs.","P1_MANUAL_0_30D"
"Distribution surfaces","Figshare","SITUATIONAL","MANUAL_EXTERNAL","Figshare is legitimate and potentially measurable, but execution requires a human-controlled external account, submission, relationship, or outreach action.","Medium","M","Validated CSV/data dictionary, methodology page, explicit license, stable canonical study URLs.","Founder or partnerships lead","Submission/outreach log, destination URL, date, response/status, UTM link, and referral analytics screenshot/export.","Acceptance/reply rate, live placements, referral sessions, earned links, and assisted conversions.","P2_MANUAL_31_60D"
"Distribution surfaces","OSF (Open Science Framework)","SITUATIONAL","MANUAL_EXTERNAL","OSF (Open Science Framework) is legitimate and potentially measurable, but execution requires a human-controlled external account, submission, relationship, or outreach action.","Medium","M","Validated CSV/data dictionary, methodology page, explicit license, stable canonical study URLs.","Founder or partnerships lead","Submission/outreach log, destination URL, date, response/status, UTM link, and referral analytics screenshot/export.","Acceptance/reply rate, live placements, referral sessions, earned links, and assisted conversions.","P2_MANUAL_31_60D"
"Distribution surfaces","DataCite — not a submission target (auto-consequence)","WORKS","DEPENDENCY","DataCite — not a submission target (auto-consequence) is valid only after its named asset, audience, eligibility, or platform prerequisite exists; activating it earlier would create an empty channel.","Low-Medium","M","Validated CSV/data dictionary, methodology page, explicit license, stable canonical study URLs.","SEO/data engineering","Prerequisite artifact and owner verified first; then a live eligibility/account/feed check before activation.","Qualified referral sessions, engaged-session rate, earned links/mentions, and 30-day repeatability.","P2_DEPENDENCY_31_60D"
"Distribution surfaces","re3data (Registry of Research Data Repositories)","MYTH","REJECT","Reject re3data (Registry of Research Data Repositories): the underlying claim is unsupported or misstates how discovery works; implementing it would consume effort without a measurable acquisition mechanism.","None","M","None; retain only as a do-not-do control.","Growth lead / policy guardrail","Decision log names re3data (Registry of Research Data Repositories), the prohibited/invalid mechanism, and the concrete risk or lack of audience.","0 implementation incidents; 0 policy violations; 0 spend.","NEVER"
"Distribution surfaces","Kaggle Datasets","WORKS","MANUAL_EXTERNAL","Kaggle Datasets is legitimate and potentially measurable, but execution requires a human-controlled external account, submission, relationship, or outreach action.","High","S","Validated CSV/data dictionary, methodology page, explicit license, stable canonical study URLs.","Founder or partnerships lead","Submission/outreach log, destination URL, date, response/status, UTM link, and referral analytics screenshot/export.","Dataset views/downloads, referring domains, citation mentions, and qualified sessions to study URLs.","P1_MANUAL_0_30D"
"Distribution surfaces","Hugging Face Datasets","SITUATIONAL","MANUAL_EXTERNAL","Hugging Face Datasets is legitimate and potentially measurable, but execution requires a human-controlled external account, submission, relationship, or outreach action.","Medium","S","Validated CSV/data dictionary, methodology page, explicit license, stable canonical study URLs.","Founder or partnerships lead","Submission/outreach log, destination URL, date, response/status, UTM link, and referral analytics screenshot/export.","Dataset views/downloads, referring domains, citation mentions, and qualified sessions to study URLs.","P2_MANUAL_31_60D"
"Distribution surfaces","data.world","SITUATIONAL","MANUAL_EXTERNAL","data.world is legitimate and potentially measurable, but execution requires a human-controlled external account, submission, relationship, or outreach action.","Medium","XS","Named owner, baseline metrics, one tracked landing URL, and a 30-day test window.","Founder or partnerships lead","Submission/outreach log, destination URL, date, response/status, UTM link, and referral analytics screenshot/export.","Acceptance/reply rate, live placements, referral sessions, earned links, and assisted conversions.","P2_MANUAL_31_60D"
"Distribution surfaces","awesome-public-datasets and GitHub awesome-lists","SITUATIONAL","MANUAL_EXTERNAL","awesome-public-datasets and GitHub awesome-lists is legitimate and potentially measurable, but execution requires a human-controlled external account, submission, relationship, or outreach action.","Medium","XS","Validated CSV/data dictionary, methodology page, explicit license, stable canonical study URLs.","Founder or partnerships lead","Submission/outreach log, destination URL, date, response/status, UTM link, and referral analytics screenshot/export.","Dataset views/downloads, referring domains, citation mentions, and qualified sessions to study URLs.","P2_MANUAL_31_60D"
"Distribution surfaces","Data Is Plural (Jeremy Singer-Vine's newsletter)","WORKS","MANUAL_EXTERNAL","Data Is Plural (Jeremy Singer-Vine's newsletter) is legitimate and potentially measurable, but execution requires a human-controlled external account, submission, relationship, or outreach action.","High","XS","Validated CSV/data dictionary, methodology page, explicit license, stable canonical study URLs.","Founder or partnerships lead","Submission/outreach log, destination URL, date, response/status, UTM link, and referral analytics screenshot/export.","Dataset views/downloads, referring domains, citation mentions, and qualified sessions to study URLs.","P1_MANUAL_0_30D"
"Distribution surfaces","r/datasets and adjacent subreddits","SITUATIONAL","MANUAL_EXTERNAL","r/datasets and adjacent subreddits is legitimate and potentially measurable, but execution requires a human-controlled external account, submission, relationship, or outreach action.","Medium","S","Validated CSV/data dictionary, methodology page, explicit license, stable canonical study URLs.","Founder or partnerships lead","Submission/outreach log, destination URL, date, response/status, UTM link, and referral analytics screenshot/export.","Dataset views/downloads, referring domains, citation mentions, and qualified sessions to study URLs.","P2_MANUAL_31_60D"
"Distribution surfaces","GitHub repo for the datasets + code","WORKS","EXECUTE_NOW","GitHub repo for the datasets + code creates or improves an owned, measurable discovery asset and can begin without waiting for an external acceptance decision.","Medium-High","L","Validated CSV/data dictionary, methodology page, explicit license, stable canonical study URLs.","SEO/data engineering","Live public asset, source/license/methodology links, analytics event, Search Console/Bing inclusion evidence, and 30-day cohort report.","Dataset views/downloads, referring domains, citation mentions, and qualified sessions to study URLs.","P1_0_30D"
"Distribution surfaces","GitHub Pages mirror / interactive data explorer","SITUATIONAL","DEPENDENCY","GitHub Pages mirror / interactive data explorer is valid only after its named asset, audience, eligibility, or platform prerequisite exists; activating it earlier would create an empty channel.","Low-Medium","M","Named owner, baseline metrics, one tracked landing URL, and a 30-day test window.","SEO/data engineering","Prerequisite artifact and owner verified first; then a live eligibility/account/feed check before activation.","Dataset views/downloads, referring domains, citation mentions, and qualified sessions to study URLs.","P2_DEPENDENCY_31_60D"
"Distribution surfaces","npm package","SITUATIONAL","QUEUE","npm package is legitimate but lower priority than the first 60 days' owned-data, tool, citation, and proven distribution work.","Low-Medium","S","A genuinely useful public tool/API, embed-safe attribution, documentation, and abuse/performance review.","Growth operations","Live artifact or logged experiment, baseline, tagged traffic, and 30-day outcome report.","Qualified referral sessions, engaged-session rate, earned links/mentions, and 30-day repeatability.","P3_QUEUE_61_90D"
"Distribution surfaces","PyPI package","SITUATIONAL","QUEUE","PyPI package is legitimate but lower priority than the first 60 days' owned-data, tool, citation, and proven distribution work.","Low-Medium","S","A genuinely useful public tool/API, embed-safe attribution, documentation, and abuse/performance review.","Growth operations","Live artifact or logged experiment, baseline, tagged traffic, and 30-day outcome report.","Qualified referral sessions, engaged-session rate, earned links/mentions, and 30-day repeatability.","P3_QUEUE_61_90D"
"Distribution surfaces","public-apis GitHub list","SITUATIONAL","DEPENDENCY","public-apis GitHub list is valid only after its named asset, audience, eligibility, or platform prerequisite exists; activating it earlier would create an empty channel.","Low-Medium","S","A genuinely useful public tool/API, embed-safe attribution, documentation, and abuse/performance review.","SEO/data engineering","Prerequisite artifact and owner verified first; then a live eligibility/account/feed check before activation.","Dataset views/downloads, referring domains, citation mentions, and qualified sessions to study URLs.","P2_DEPENDENCY_31_60D"
"Distribution surfaces","RapidAPI Hub","SITUATIONAL","DEPENDENCY","RapidAPI Hub is valid only after its named asset, audience, eligibility, or platform prerequisite exists; activating it earlier would create an empty channel.","Low-Medium","S","A genuinely useful public tool/API, embed-safe attribution, documentation, and abuse/performance review.","SEO/data engineering","Prerequisite artifact and owner verified first; then a live eligibility/account/feed check before activation.","Qualified referral sessions, engaged-session rate, earned links/mentions, and 30-day repeatability.","P2_DEPENDENCY_31_60D"
"Distribution surfaces","APIs.guru / OpenAPI directory","SITUATIONAL","DEPENDENCY","APIs.guru / OpenAPI directory is valid only after its named asset, audience, eligibility, or platform prerequisite exists; activating it earlier would create an empty channel.","Low-Medium","M","A genuinely useful public tool/API, embed-safe attribution, documentation, and abuse/performance review.","SEO/data engineering","Prerequisite artifact and owner verified first; then a live eligibility/account/feed check before activation.","Qualified referral sessions, engaged-session rate, earned links/mentions, and 30-day repeatability.","P2_DEPENDENCY_31_60D"
"Distribution surfaces","Postman Public API Network","SITUATIONAL","DEPENDENCY","Postman Public API Network is valid only after its named asset, audience, eligibility, or platform prerequisite exists; activating it earlier would create an empty channel.","Low-Medium","S","A genuinely useful public tool/API, embed-safe attribution, documentation, and abuse/performance review.","SEO/data engineering","Prerequisite artifact and owner verified first; then a live eligibility/account/feed check before activation.","Qualified referral sessions, engaged-session rate, earned links/mentions, and 30-day repeatability.","P2_DEPENDENCY_31_60D"
"Distribution surfaces","MCP server + MCP registries","SITUATIONAL","DEPENDENCY","MCP server + MCP registries is valid only after its named asset, audience, eligibility, or platform prerequisite exists; activating it earlier would create an empty channel.","Low-Medium","M","A genuinely useful public tool/API, embed-safe attribution, documentation, and abuse/performance review.","Growth operations","Prerequisite artifact and owner verified first; then a live eligibility/account/feed check before activation.","Qualified referral sessions, engaged-session rate, earned links/mentions, and 30-day repeatability.","P2_DEPENDENCY_31_60D"
"Distribution surfaces","Chrome Web Store extension","SITUATIONAL","DEPENDENCY","Chrome Web Store extension is valid only after its named asset, audience, eligibility, or platform prerequisite exists; activating it earlier would create an empty channel.","Low-Medium","XL","A genuinely useful public tool/API, embed-safe attribution, documentation, and abuse/performance review.","Growth operations","Prerequisite artifact and owner verified first; then a live eligibility/account/feed check before activation.","Qualified referral sessions, engaged-session rate, earned links/mentions, and 30-day repeatability.","P2_DEPENDENCY_31_60D"
"Distribution surfaces","Zapier / Make / IFTTT app directories","MYTH","REJECT","Reject Zapier / Make / IFTTT app directories: the underlying claim is unsupported or misstates how discovery works; implementing it would consume effort without a measurable acquisition mechanism.","None","M","None; retain only as a do-not-do control.","Growth lead / policy guardrail","Decision log names Zapier / Make / IFTTT app directories, the prohibited/invalid mechanism, and the concrete risk or lack of audience.","0 implementation incidents; 0 policy violations; 0 spend.","NEVER"
"Distribution surfaces","Kit Creator Network (already your platform)","SITUATIONAL","MANUAL_EXTERNAL","Kit Creator Network (already your platform) is legitimate and potentially measurable, but execution requires a human-controlled external account, submission, relationship, or outreach action.","Medium","S","Active newsletter, clear value proposition, attribution tracking, and owner access to the external account.","Founder or partnerships lead","Submission/outreach log, destination URL, date, response/status, UTM link, and referral analytics screenshot/export.","Confirmed subscribers, referral sessions, outbound CTR, and 30-day retained subscribers.","P2_MANUAL_31_60D"
"Distribution surfaces","Substack Recommendations","WORKS","MANUAL_EXTERNAL","Substack Recommendations is legitimate and potentially measurable, but execution requires a human-controlled external account, submission, relationship, or outreach action.","Medium-High","S","Active newsletter, clear value proposition, attribution tracking, and owner access to the external account.","Founder or partnerships lead","Submission/outreach log, destination URL, date, response/status, UTM link, and referral analytics screenshot/export.","Confirmed subscribers, referral sessions, outbound CTR, and 30-day retained subscribers.","P1_MANUAL_0_30D"
"Distribution surfaces","beehiiv Boosts","SITUATIONAL","REJECT","Boosts is a paid recommendation marketplace, not an organic promotion method; it belongs in a future paid-acquisition evaluation, not this program.","None","S","None; retain only as a do-not-do control.","Growth lead / policy guardrail","Decision log names beehiiv Boosts, the prohibited/invalid mechanism, and the concrete risk or lack of audience.","0 implementation incidents; 0 policy violations; 0 spend.","NEVER"
"Distribution surfaces","SparkLoop Partner Network","SITUATIONAL","REJECT","This is a paid newsletter-growth network and not an organic channel; defer until email economics justify paid acquisition.","None","M","None; retain only as a do-not-do control.","Growth lead / policy guardrail","Decision log names SparkLoop Partner Network, the prohibited/invalid mechanism, and the concrete risk or lack of audience.","0 implementation incidents; 0 policy violations; 0 spend.","NEVER"
"Distribution surfaces","Newsletter directories (InboxReads, Letterlist, The Sample, and ~30 similar)","SITUATIONAL","MANUAL_EXTERNAL","Newsletter directories (InboxReads, Letterlist, The Sample, and ~30 similar) is legitimate and potentially measurable, but execution requires a human-controlled external account, submission, relationship, or outreach action.","Medium","S","Active newsletter, clear value proposition, attribution tracking, and owner access to the external account.","Founder or partnerships lead","Submission/outreach log, destination URL, date, response/status, UTM link, and referral analytics screenshot/export.","Confirmed subscribers, referral sessions, outbound CTR, and 30-day retained subscribers.","P2_MANUAL_31_60D"
"Distribution surfaces","Being included in other people's newsletters","WORKS","MANUAL_EXTERNAL","Being included in other people's newsletters is legitimate and potentially measurable, but execution requires a human-controlled external account, submission, relationship, or outreach action.","Medium","M","Active newsletter, clear value proposition, attribution tracking, and owner access to the external account.","Founder or partnerships lead","Submission/outreach log, destination URL, date, response/status, UTM link, and referral analytics screenshot/export.","Confirmed subscribers, referral sessions, outbound CTR, and 30-day retained subscribers.","P2_MANUAL_31_60D"
"Distribution surfaces","RSS-to-email services (Mailchimp RSS campaigns, Kit RSS, Blogtrottr, Feedrabbit)","SITUATIONAL","MANUAL_EXTERNAL","RSS-to-email services (Mailchimp RSS campaigns, Kit RSS, Blogtrottr, Feedrabbit) is legitimate and potentially measurable, but execution requires a human-controlled external account, submission, relationship, or outreach action.","Medium-High","XS","Active newsletter, clear value proposition, attribution tracking, and owner access to the external account.","Founder or partnerships lead","Submission/outreach log, destination URL, date, response/status, UTM link, and referral analytics screenshot/export.","Confirmed subscribers, referral sessions, outbound CTR, and 30-day retained subscribers.","P1_MANUAL_0_30D"
"Distribution surfaces","Internet Archive — Wayback Machine ""Save Page Now""","SITUATIONAL","MANUAL_EXTERNAL","Internet Archive — Wayback Machine ""Save Page Now"" is legitimate and potentially measurable, but execution requires a human-controlled external account, submission, relationship, or outreach action.","Medium","XS","Named owner, baseline metrics, one tracked landing URL, and a 30-day test window.","Founder or partnerships lead","Submission/outreach log, destination URL, date, response/status, UTM link, and referral analytics screenshot/export.","Acceptance/reply rate, live placements, referral sessions, earned links, and assisted conversions.","P2_MANUAL_31_60D"
"Distribution surfaces","Internet Archive — uploading the datasets as an item","SITUATIONAL","MANUAL_EXTERNAL","Internet Archive — uploading the datasets as an item is legitimate and potentially measurable, but execution requires a human-controlled external account, submission, relationship, or outreach action.","Medium","XS","Validated CSV/data dictionary, methodology page, explicit license, stable canonical study URLs.","Founder or partnerships lead","Submission/outreach log, destination URL, date, response/status, UTM link, and referral analytics screenshot/export.","Dataset views/downloads, referring domains, citation mentions, and qualified sessions to study URLs.","P2_MANUAL_31_60D"
"Distribution surfaces","Common Crawl — not a submission target","SITUATIONAL","EXECUTE_NOW","Common Crawl — not a submission target creates or improves an owned, measurable discovery asset and can begin without waiting for an external acceptance decision.","Medium","XS","Current technical/content audit, URL-level baseline, and rollback-safe implementation plan.","SEO/data engineering","Repository diff, passing build/validator, live URL/feed response, and relevant rich-result or crawl eligibility check.","Qualified referral sessions, engaged-session rate, earned links/mentions, and 30-day repeatability.","P2_31_60D"
"Distribution surfaces","Wikipedia citations","SITUATIONAL","DEPENDENCY","Wikipedia citations is valid only after its named asset, audience, eligibility, or platform prerequisite exists; activating it earlier would create an empty channel.","Low-Medium","M","Named owner, baseline metrics, one tracked landing URL, and a 30-day test window.","Growth operations","Prerequisite artifact and owner verified first; then a live eligibility/account/feed check before activation.","Qualified referral sessions, engaged-session rate, earned links/mentions, and 30-day repeatability.","P2_DEPENDENCY_31_60D"
"Distribution surfaces","Wikimedia Commons (upload your charts)","SITUATIONAL","MANUAL_EXTERNAL","Wikimedia Commons (upload your charts) is legitimate and potentially measurable, but execution requires a human-controlled external account, submission, relationship, or outreach action.","Medium","S","Named owner, baseline metrics, one tracked landing URL, and a 30-day test window.","Founder or partnerships lead","Submission/outreach log, destination URL, date, response/status, UTM link, and referral analytics screenshot/export.","Acceptance/reply rate, live placements, referral sessions, earned links, and assisted conversions.","P2_MANUAL_31_60D"
"Distribution surfaces","Openverse — not a submission target","SITUATIONAL","DEPENDENCY","Openverse — not a submission target is valid only after its named asset, audience, eligibility, or platform prerequisite exists; activating it earlier would create an empty channel.","Low-Medium","S","Named owner, baseline metrics, one tracked landing URL, and a 30-day test window.","Growth operations","Prerequisite artifact and owner verified first; then a live eligibility/account/feed check before activation.","Qualified referral sessions, engaged-session rate, earned links/mentions, and 30-day repeatability.","P2_DEPENDENCY_31_60D"
"Distribution surfaces","Flickr with CC licenses","SITUATIONAL","MANUAL_EXTERNAL","Flickr with CC licenses is legitimate and potentially measurable, but execution requires a human-controlled external account, submission, relationship, or outreach action.","Medium","S","Named owner, baseline metrics, one tracked landing URL, and a 30-day test window.","Founder or partnerships lead","Submission/outreach log, destination URL, date, response/status, UTM link, and referral analytics screenshot/export.","Acceptance/reply rate, live placements, referral sessions, earned links, and assisted conversions.","P2_MANUAL_31_60D"
"Distribution surfaces","Unsplash / Pexels contributions","MYTH","REJECT","These libraries are designed for reusable photography, not referral traffic; attribution is inconsistent and the site's charts are a poor asset fit.","None","M","None; retain only as a do-not-do control.","Growth lead / policy guardrail","Decision log names Unsplash / Pexels contributions, the prohibited/invalid mechanism, and the concrete risk or lack of audience.","0 implementation incidents; 0 policy violations; 0 spend.","NEVER"
"Distribution surfaces","Podcast directories via an RSS feed (Apple Podcasts, Spotify, YouTube Music, Amazon Music, Overcast, Pocket Casts)","SITUATIONAL","DEPENDENCY","Podcast directories via an RSS feed (Apple Podcasts, Spotify, YouTube Music, Amazon Music, Overcast, Pocket Casts) is valid only after its named asset, audience, eligibility, or platform prerequisite exists; activating it earlier would create an empty channel.","Medium-High","XL","Repeatable audio format, host/profile assets, feed ownership, and at least three publishable episodes.","SEO/data engineering","Prerequisite artifact and owner verified first; then a live eligibility/account/feed check before activation.","Qualified referral sessions, engaged-session rate, earned links/mentions, and 30-day repeatability.","P2_DEPENDENCY_31_60D"
"Distribution surfaces","TTS audio versions of articles (on-page audio + audio RSS)","SITUATIONAL","DEPENDENCY","TTS audio versions of articles (on-page audio + audio RSS) is valid only after its named asset, audience, eligibility, or platform prerequisite exists; activating it earlier would create an empty channel.","Medium-High","S","Repeatable audio format, host/profile assets, feed ownership, and at least three publishable episodes.","SEO/data engineering","Prerequisite artifact and owner verified first; then a live eligibility/account/feed check before activation.","Qualified referral sessions, engaged-session rate, earned links/mentions, and 30-day repeatability.","P2_DEPENDENCY_31_60D"
"Distribution surfaces","Guesting on other people's podcasts","WORKS","MANUAL_EXTERNAL","Guesting on other people's podcasts is legitimate and potentially measurable, but execution requires a human-controlled external account, submission, relationship, or outreach action.","Medium","M","Repeatable audio format, host/profile assets, feed ownership, and at least three publishable episodes.","Founder or partnerships lead","Submission/outreach log, destination URL, date, response/status, UTM link, and referral analytics screenshot/export.","Acceptance/reply rate, live placements, referral sessions, earned links, and assisted conversions.","P2_MANUAL_31_60D"
"People & partnerships","HARD CONTEXTS — read before acting on anything below","BLOCKED-BY-CONSTRAINT","REJECT","HARD CONTEXTS — read before acting on anything below is a catalog heading or legend, not an executable growth method.","None","M","None; retain only as a do-not-do control.","Growth lead / policy guardrail","Decision log names HARD CONTEXTS — read before acting on anything below, the prohibited/invalid mechanism, and the concrete risk or lack of audience.","0 implementation incidents; 0 policy violations; 0 spend.","NEVER"
"People & partnerships","Method index","BLOCKED-BY-CONSTRAINT","REJECT","Method index is a catalog heading or legend, not an executable growth method.","None","M","None; retain only as a do-not-do control.","Growth lead / policy guardrail","Decision log names Method index, the prohibited/invalid mechanism, and the concrete risk or lack of audience.","0 implementation incidents; 0 policy violations; 0 spend.","NEVER"
"People & partnerships","A1. Guest posting (editorial, unpaid, on a relevant site)","BLOCKED-BY-CONSTRAINT","MANUAL_EXTERNAL","A1. Guest posting (editorial, unpaid, on a relevant site) is legitimate and potentially measurable, but execution requires a human-controlled external account, submission, relationship, or outreach action.","Medium","L","Approved pitch/submission copy, qualified target list, tracked destination URL, and human account/relationship owner.","Founder or partnerships lead","Submission/outreach log, destination URL, date, response/status, UTM link, and referral analytics screenshot/export.","Acceptance/reply rate, live placements, referral sessions, earned links, and assisted conversions.","P2_MANUAL_31_60D"
"People & partnerships","A2. Open-submission publications and standing contributor calls","SITUATIONAL","MANUAL_EXTERNAL","A2. Open-submission publications and standing contributor calls is legitimate and potentially measurable, but execution requires a human-controlled external account, submission, relationship, or outreach action.","Medium","M","Named owner, baseline metrics, one tracked landing URL, and a 30-day test window.","Founder or partnerships lead","Submission/outreach log, destination URL, date, response/status, UTM link, and referral analytics screenshot/export.","Acceptance/reply rate, live placements, referral sessions, earned links, and assisted conversions.","P2_MANUAL_31_60D"
"People & partnerships","A3. Content swaps / reciprocal guest posts / link exchanges","SITUATIONAL","REJECT","A pre-arranged reciprocal link swap creates link-scheme risk and sends negligible referral traffic; only independent editorial links are acceptable.","None","M","None; retain only as a do-not-do control.","Growth lead / policy guardrail","Decision log names A3. Content swaps / reciprocal guest posts / link exchanges, the prohibited/invalid mechanism, and the concrete risk or lack of audience.","0 implementation incidents; 0 policy violations; 0 spend.","NEVER"
"People & partnerships","A4. Co-authored study with another data-publishing site","SITUATIONAL","DEPENDENCY","A4. Co-authored study with another data-publishing site is valid only after its named asset, audience, eligibility, or platform prerequisite exists; activating it earlier would create an empty channel.","Low-Medium","XL","Named owner, baseline metrics, one tracked landing URL, and a 30-day test window.","Growth operations","Prerequisite artifact and owner verified first; then a live eligibility/account/feed check before activation.","Qualified referral sessions, engaged-session rate, earned links/mentions, and 30-day repeatability.","P2_DEPENDENCY_31_60D"
"People & partnerships","A5. Hosting a collaborative / expert roundup","BLOCKED-BY-CONSTRAINT","MANUAL_EXTERNAL","A5. Hosting a collaborative / expert roundup is legitimate and potentially measurable, but execution requires a human-controlled external account, submission, relationship, or outreach action.","Medium","L","Approved pitch/submission copy, qualified target list, tracked destination URL, and human account/relationship owner.","Founder or partnerships lead","Submission/outreach log, destination URL, date, response/status, UTM link, and referral analytics screenshot/export.","Acceptance/reply rate, live placements, referral sessions, earned links, and assisted conversions.","P2_MANUAL_31_60D"
"People & partnerships","A6. Being in someone else's expert roundup","SITUATIONAL","DEPENDENCY","A6. Being in someone else's expert roundup is valid only after its named asset, audience, eligibility, or platform prerequisite exists; activating it earlier would create an empty channel.","Low-Medium","M","Approved pitch/submission copy, qualified target list, tracked destination URL, and human account/relationship owner.","Growth operations","Prerequisite artifact and owner verified first; then a live eligibility/account/feed check before activation.","Qualified referral sessions, engaged-session rate, earned links/mentions, and 30-day repeatability.","P2_DEPENDENCY_31_60D"
"People & partnerships","A7. Podcast guesting","BLOCKED-BY-CONSTRAINT","MANUAL_EXTERNAL","A7. Podcast guesting is legitimate and potentially measurable, but execution requires a human-controlled external account, submission, relationship, or outreach action.","Medium","S","Repeatable audio format, host/profile assets, feed ownership, and at least three publishable episodes.","Founder or partnerships lead","Submission/outreach log, destination URL, date, response/status, UTM link, and referral analytics screenshot/export.","Acceptance/reply rate, live placements, referral sessions, earned links, and assisted conversions.","P2_MANUAL_31_60D"
"People & partnerships","A8. Being interviewed in writing (Q&A features, ""creator spotlight"" series)","SITUATIONAL","MANUAL_EXTERNAL","A8. Being interviewed in writing (Q&A features, ""creator spotlight"" series) is legitimate and potentially measurable, but execution requires a human-controlled external account, submission, relationship, or outreach action.","Medium","M","Approved pitch/submission copy, qualified target list, tracked destination URL, and human account/relationship owner.","Founder or partnerships lead","Submission/outreach log, destination URL, date, response/status, UTM link, and referral analytics screenshot/export.","Acceptance/reply rate, live placements, referral sessions, earned links, and assisted conversions.","P2_MANUAL_31_60D"
"People & partnerships","A9. Link roundups and ""best of the week"" features","WORKS","DEPENDENCY","A9. Link roundups and ""best of the week"" features is valid only after its named asset, audience, eligibility, or platform prerequisite exists; activating it earlier would create an empty channel.","Low-Medium","M","Approved pitch/submission copy, qualified target list, tracked destination URL, and human account/relationship owner.","Growth operations","Prerequisite artifact and owner verified first; then a live eligibility/account/feed check before activation.","Qualified referral sessions, engaged-session rate, earned links/mentions, and 30-day repeatability.","P2_DEPENDENCY_31_60D"
"People & partnerships","A10. Newsletter swaps and cross-recommendations","SITUATIONAL","MANUAL_EXTERNAL","A10. Newsletter swaps and cross-recommendations is legitimate and potentially measurable, but execution requires a human-controlled external account, submission, relationship, or outreach action.","Medium","S","Active newsletter, clear value proposition, attribution tracking, and owner access to the external account.","Founder or partnerships lead","Submission/outreach log, destination URL, date, response/status, UTM link, and referral analytics screenshot/export.","Confirmed subscribers, referral sessions, outbound CTR, and 30-day retained subscribers.","P2_MANUAL_31_60D"
"People & partnerships","A11. Creator ""collab post"" features on Instagram / TikTok","SITUATIONAL","DEPENDENCY","A11. Creator ""collab post"" features on Instagram / TikTok is valid only after its named asset, audience, eligibility, or platform prerequisite exists; activating it earlier would create an empty channel.","Low-Medium","L","Approved pitch/submission copy, qualified target list, tracked destination URL, and human account/relationship owner.","Editorial lead","Prerequisite artifact and owner verified first; then a live eligibility/account/feed check before activation.","Qualified referral sessions, engaged-session rate, earned links/mentions, and 30-day repeatability.","P2_DEPENDENCY_31_60D"
"People & partnerships","B1. Connectively (the old HARO platform)","DEAD","REJECT","Reject B1. Connectively (the old HARO platform): the source audit marks the channel DEAD; it has no active audience or reliable referral path, so expected traffic is effectively zero.","None","M","None; retain only as a do-not-do control.","Growth lead / policy guardrail","Decision log names B1. Connectively (the old HARO platform), the prohibited/invalid mechanism, and the concrete risk or lack of audience.","0 implementation incidents; 0 policy violations; 0 spend.","NEVER"
"People & partnerships","B2. HARO, revived by Featured.com","SITUATIONAL","MANUAL_EXTERNAL","B2. HARO, revived by Featured.com is legitimate and potentially measurable, but execution requires a human-controlled external account, submission, relationship, or outreach action.","Medium","L","Approved pitch/submission copy, qualified target list, tracked destination URL, and human account/relationship owner.","Founder or partnerships lead","Submission/outreach log, destination URL, date, response/status, UTM link, and referral analytics screenshot/export.","Acceptance/reply rate, live placements, referral sessions, earned links, and assisted conversions.","P2_MANUAL_31_60D"
"People & partnerships","B3. Qwoted","SITUATIONAL","MANUAL_EXTERNAL","B3. Qwoted is legitimate and potentially measurable, but execution requires a human-controlled external account, submission, relationship, or outreach action.","Medium","L","Approved pitch/submission copy, qualified target list, tracked destination URL, and human account/relationship owner.","Founder or partnerships lead","Submission/outreach log, destination URL, date, response/status, UTM link, and referral analytics screenshot/export.","Acceptance/reply rate, live placements, referral sessions, earned links, and assisted conversions.","P2_MANUAL_31_60D"
"People & partnerships","B4. Source of Sources (SOS)","SITUATIONAL","MANUAL_EXTERNAL","B4. Source of Sources (SOS) is legitimate and potentially measurable, but execution requires a human-controlled external account, submission, relationship, or outreach action.","Medium","S","Approved pitch/submission copy, qualified target list, tracked destination URL, and human account/relationship owner.","Founder or partnerships lead","Submission/outreach log, destination URL, date, response/status, UTM link, and referral analytics screenshot/export.","Acceptance/reply rate, live placements, referral sessions, earned links, and assisted conversions.","P2_MANUAL_31_60D"
"People & partnerships","B5. SourceBottle","SITUATIONAL","MANUAL_EXTERNAL","B5. SourceBottle is legitimate and potentially measurable, but execution requires a human-controlled external account, submission, relationship, or outreach action.","Medium","M","Approved pitch/submission copy, qualified target list, tracked destination URL, and human account/relationship owner.","Founder or partnerships lead","Submission/outreach log, destination URL, date, response/status, UTM link, and referral analytics screenshot/export.","Acceptance/reply rate, live placements, referral sessions, earned links, and assisted conversions.","P2_MANUAL_31_60D"
"People & partnerships","B6. ResponseSource","DEAD","REJECT","Reject B6. ResponseSource: the source audit marks the channel DEAD; it has no active audience or reliable referral path, so expected traffic is effectively zero.","None","L","None; retain only as a do-not-do control.","Growth lead / policy guardrail","Decision log names B6. ResponseSource, the prohibited/invalid mechanism, and the concrete risk or lack of audience.","0 implementation incidents; 0 policy violations; 0 spend.","NEVER"
"People & partnerships","B7. Help a B2B Writer / MentionMatch","DEAD","REJECT","Reject B7. Help a B2B Writer / MentionMatch: the source audit marks the channel DEAD; it has no active audience or reliable referral path, so expected traffic is effectively zero.","None","M","None; retain only as a do-not-do control.","Growth lead / policy guardrail","Decision log names B7. Help a B2B Writer / MentionMatch, the prohibited/invalid mechanism, and the concrete risk or lack of audience.","0 implementation incidents; 0 policy violations; 0 spend.","NEVER"
"People & partnerships","B8. #JournoRequest monitoring on X and Bluesky","SITUATIONAL","MANUAL_EXTERNAL","B8. #JournoRequest monitoring on X and Bluesky is legitimate and potentially measurable, but execution requires a human-controlled external account, submission, relationship, or outreach action.","Medium","M","Approved pitch/submission copy, qualified target list, tracked destination URL, and human account/relationship owner.","Founder or partnerships lead","Submission/outreach log, destination URL, date, response/status, UTM link, and referral analytics screenshot/export.","Acceptance/reply rate, live placements, referral sessions, earned links, and assisted conversions.","P2_MANUAL_31_60D"
"People & partnerships","B9. Muck Rack profile / journalist-database presence","DEAD","REJECT","Reject B9. Muck Rack profile / journalist-database presence: the source audit marks the channel DEAD; it has no active audience or reliable referral path, so expected traffic is effectively zero.","None","M","None; retain only as a do-not-do control.","Growth lead / policy guardrail","Decision log names B9. Muck Rack profile / journalist-database presence, the prohibited/invalid mechanism, and the concrete risk or lack of audience.","0 implementation incidents; 0 policy violations; 0 spend.","NEVER"
"People & partnerships","B10. Being a dataset on journalist-facing data hubs","WORKS","EXECUTE_NOW","B10. Being a dataset on journalist-facing data hubs creates or improves an owned, measurable discovery asset and can begin without waiting for an external acceptance decision.","Medium-High","M","Validated CSV/data dictionary, methodology page, explicit license, stable canonical study URLs.","SEO/data engineering","Live public asset, source/license/methodology links, analytics event, Search Console/Bing inclusion evidence, and 30-day cohort report.","Dataset views/downloads, referring domains, citation mentions, and qualified sessions to study URLs.","P1_0_30D"
"People & partnerships","C1. The statistics page strategy","WORKS","EXECUTE_NOW","C1. The statistics page strategy creates or improves an owned, measurable discovery asset and can begin without waiting for an external acceptance decision.","High","M","Named owner, baseline metrics, one tracked landing URL, and a 30-day test window.","Editorial lead","Live public asset, source/license/methodology links, analytics event, Search Console/Bing inclusion evidence, and 30-day cohort report.","Qualified referral sessions, engaged-session rate, earned links/mentions, and 30-day repeatability.","P1_0_30D"
"People & partnerships","C2. Original research / data study as link bait","WORKS","EXECUTE_NOW","C2. Original research / data study as link bait creates or improves an owned, measurable discovery asset and can begin without waiting for an external acceptance decision.","High","L","Named owner, baseline metrics, one tracked landing URL, and a 30-day test window.","Editorial lead","Live artifact or logged experiment, baseline, tagged traffic, and 30-day outcome report.","Qualified referral sessions, engaged-session rate, earned links/mentions, and 30-day repeatability.","P1_0_30D"
"People & partnerships","C3. Being the only source for a number (owning a metric)","SITUATIONAL","EXECUTE_NOW","C3. Being the only source for a number (owning a metric) creates or improves an owned, measurable discovery asset and can begin without waiting for an external acceptance decision.","High","L","Approved pitch/submission copy, qualified target list, tracked destination URL, and human account/relationship owner.","Growth operations","Live artifact or logged experiment, baseline, tagged traffic, and 30-day outcome report.","Qualified referral sessions, engaged-session rate, earned links/mentions, and 30-day repeatability.","P1_0_30D"
"People & partnerships","C4. Data journalism pickup","BLOCKED-BY-CONSTRAINT","DEPENDENCY","C4. Data journalism pickup is valid only after its named asset, audience, eligibility, or platform prerequisite exists; activating it earlier would create an empty channel.","Low-Medium","M","Named owner, baseline metrics, one tracked landing URL, and a 30-day test window.","Growth operations","Prerequisite artifact and owner verified first; then a live eligibility/account/feed check before activation.","Qualified referral sessions, engaged-session rate, earned links/mentions, and 30-day repeatability.","P2_DEPENDENCY_31_60D"
"People & partnerships","C5. Open dataset with an attribution-requiring license","WORKS","EXECUTE_NOW","C5. Open dataset with an attribution-requiring license creates or improves an owned, measurable discovery asset and can begin without waiting for an external acceptance decision.","Medium-High","M","Validated CSV/data dictionary, methodology page, explicit license, stable canonical study URLs.","SEO/data engineering","Live public asset, source/license/methodology links, analytics event, Search Console/Bing inclusion evidence, and 30-day cohort report.","Dataset views/downloads, referring domains, citation mentions, and qualified sessions to study URLs.","P1_0_30D"
"People & partnerships","C6. DOI registration and academic citation (Zenodo)","WORKS","MANUAL_EXTERNAL","C6. DOI registration and academic citation (Zenodo) is legitimate and potentially measurable, but execution requires a human-controlled external account, submission, relationship, or outreach action.","Medium-High","S","Validated CSV/data dictionary, methodology page, explicit license, stable canonical study URLs.","Founder or partnerships lead","Submission/outreach log, destination URL, date, response/status, UTM link, and referral analytics screenshot/export.","Dataset views/downloads, referring domains, citation mentions, and qualified sessions to study URLs.","P1_MANUAL_0_30D"
"People & partnerships","C7. Wikipedia citation","SITUATIONAL","REJECT","Self-placing a Daily Life Hacks citation is a conflict of interest and risks reversion or domain blacklisting; organic third-party citation remains an outcome, not a task.","None","L","None; retain only as a do-not-do control.","Growth lead / policy guardrail","Decision log names C7. Wikipedia citation, the prohibited/invalid mechanism, and the concrete risk or lack of audience.","0 implementation incidents; 0 policy violations; 0 spend.","NEVER"
"People & partnerships","C8. Being cited by AI assistants and LLM answers","SITUATIONAL","EXECUTE_NOW","C8. Being cited by AI assistants and LLM answers creates or improves an owned, measurable discovery asset and can begin without waiting for an external acceptance decision.","Medium","M","Named owner, baseline metrics, one tracked landing URL, and a 30-day test window.","Growth operations","Live artifact or logged experiment, baseline, tagged traffic, and 30-day outcome report.","Qualified referral sessions, engaged-session rate, earned links/mentions, and 30-day repeatability.","P2_31_60D"
"People & partnerships","C9. Free tools and calculators as citation magnets","WORKS","EXECUTE_NOW","C9. Free tools and calculators as citation magnets creates or improves an owned, measurable discovery asset and can begin without waiting for an external acceptance decision.","High","L","A genuinely useful public tool/API, embed-safe attribution, documentation, and abuse/performance review.","SEO/data engineering","Live public asset, source/license/methodology links, analytics event, Search Console/Bing inclusion evidence, and 30-day cohort report.","Tool starts/completions, embeds, referring domains, assisted article sessions, and returning users.","P1_0_30D"
"People & partnerships","D1. Tailwind Communities (formerly Tribes)","SITUATIONAL","REJECT","Requires a paid Tailwind dependency and the research does not show enough incremental traffic to justify cost before organic pin distribution is stable.","None","S","None; retain only as a do-not-do control.","Growth lead / policy guardrail","Decision log names D1. Tailwind Communities (formerly Tribes), the prohibited/invalid mechanism, and the concrete risk or lack of audience.","0 implementation incidents; 0 policy violations; 0 spend.","NEVER"
"People & partnerships","D2. Food-blogger Facebook groups with share/promo threads","SITUATIONAL","MANUAL_EXTERNAL","D2. Food-blogger Facebook groups with share/promo threads is legitimate and potentially measurable, but execution requires a human-controlled external account, submission, relationship, or outreach action.","Medium","M","Approved pitch/submission copy, qualified target list, tracked destination URL, and human account/relationship owner.","Founder or partnerships lead","Submission/outreach log, destination URL, date, response/status, UTM link, and referral analytics screenshot/export.","Acceptance/reply rate, live placements, referral sessions, earned links, and assisted conversions.","P2_MANUAL_31_60D"
"People & partnerships","D3. Engagement pods (Instagram/Pinterest/LinkedIn/Threads)","MYTH","REJECT","Reject D3. Engagement pods (Instagram/Pinterest/LinkedIn/Threads): the underlying claim is unsupported or misstates how discovery works; implementing it would consume effort without a measurable acquisition mechanism.","None","M","None; retain only as a do-not-do control.","Growth lead / policy guardrail","Decision log names D3. Engagement pods (Instagram/Pinterest/LinkedIn/Threads), the prohibited/invalid mechanism, and the concrete risk or lack of audience.","0 implementation incidents; 0 policy violations; 0 spend.","NEVER"
"People & partnerships","D4. Indie-hacker / build-in-public communities","WORKS","MANUAL_EXTERNAL","D4. Indie-hacker / build-in-public communities is legitimate and potentially measurable, but execution requires a human-controlled external account, submission, relationship, or outreach action.","Medium","M","Named owner, baseline metrics, one tracked landing URL, and a 30-day test window.","Founder or partnerships lead","Submission/outreach log, destination URL, date, response/status, UTM link, and referral analytics screenshot/export.","Acceptance/reply rate, live placements, referral sessions, earned links, and assisted conversions.","P2_MANUAL_31_60D"
"People & partnerships","D5. Slack and Discord creator communities","SITUATIONAL","MANUAL_EXTERNAL","D5. Slack and Discord creator communities is legitimate and potentially measurable, but execution requires a human-controlled external account, submission, relationship, or outreach action.","Medium","M","Approved pitch/submission copy, qualified target list, tracked destination URL, and human account/relationship owner.","Founder or partnerships lead","Submission/outreach log, destination URL, date, response/status, UTM link, and referral analytics screenshot/export.","Acceptance/reply rate, live placements, referral sessions, earned links, and assisted conversions.","P2_MANUAL_31_60D"
"People & partnerships","D6. Mastermind groups","BLOCKED-BY-CONSTRAINT","REJECT","High recurring time cost with small, indirect traffic and no measurable acquisition mechanism.","None","L","None; retain only as a do-not-do control.","Growth lead / policy guardrail","Decision log names D6. Mastermind groups, the prohibited/invalid mechanism, and the concrete risk or lack of audience.","0 implementation incidents; 0 policy violations; 0 spend.","NEVER"
"People & partnerships","D7. Food-blogger networks, collectives and associations","SITUATIONAL","QUEUE","D7. Food-blogger networks, collectives and associations is legitimate but lower priority than the first 60 days' owned-data, tool, citation, and proven distribution work.","Low-Medium","M","Named owner, baseline metrics, one tracked landing URL, and a 30-day test window.","Growth operations","Live artifact or logged experiment, baseline, tagged traffic, and 30-day outcome report.","Qualified referral sessions, engaged-session rate, earned links/mentions, and 30-day repeatability.","P3_QUEUE_61_90D"
"People & partnerships","D8. Subreddit self-promotion threads and blogger promo threads","DEAD","REJECT","Reject D8. Subreddit self-promotion threads and blogger promo threads: the source audit marks the channel DEAD; it has no active audience or reliable referral path, so expected traffic is effectively zero.","None","M","None; retain only as a do-not-do control.","Growth lead / policy guardrail","Decision log names D8. Subreddit self-promotion threads and blogger promo threads, the prohibited/invalid mechanism, and the concrete risk or lack of audience.","0 implementation incidents; 0 policy violations; 0 spend.","NEVER"
"People & partnerships","D9. Newsletter-operator communities and directories","SITUATIONAL","MANUAL_EXTERNAL","D9. Newsletter-operator communities and directories is legitimate and potentially measurable, but execution requires a human-controlled external account, submission, relationship, or outreach action.","Medium","M","Active newsletter, clear value proposition, attribution tracking, and owner access to the external account.","Founder or partnerships lead","Submission/outreach log, destination URL, date, response/status, UTM link, and referral analytics screenshot/export.","Confirmed subscribers, referral sessions, outbound CTR, and 30-day retained subscribers.","P2_MANUAL_31_60D"
"People & partnerships","E1. Creating content about other creators","WORKS","EXECUTE_NOW","E1. Creating content about other creators creates or improves an owned, measurable discovery asset and can begin without waiting for an external acceptance decision.","Medium","M","Approved pitch/submission copy, qualified target list, tracked destination URL, and human account/relationship owner.","Editorial lead","Live artifact or logged experiment, baseline, tagged traffic, and 30-day outcome report.","Qualified referral sessions, engaged-session rate, earned links/mentions, and 30-day repeatability.","P2_31_60D"
"People & partnerships","E2. Quoting and tagging (public credit as an approach vector)","SITUATIONAL","MANUAL_EXTERNAL","E2. Quoting and tagging (public credit as an approach vector) is legitimate and potentially measurable, but execution requires a human-controlled external account, submission, relationship, or outreach action.","Medium","M","Named owner, baseline metrics, one tracked landing URL, and a 30-day test window.","Founder or partnerships lead","Submission/outreach log, destination URL, date, response/status, UTM link, and referral analytics screenshot/export.","Acceptance/reply rate, live placements, referral sessions, earned links, and assisted conversions.","P2_MANUAL_31_60D"
"People & partnerships","E3. Giving away a free tool that creators use and credit","WORKS","EXECUTE_NOW","E3. Giving away a free tool that creators use and credit creates or improves an owned, measurable discovery asset and can begin without waiting for an external acceptance decision.","Medium","L","A genuinely useful public tool/API, embed-safe attribution, documentation, and abuse/performance review.","SEO/data engineering","Live public asset, source/license/methodology links, analytics event, Search Console/Bing inclusion evidence, and 30-day cohort report.","Tool starts/completions, embeds, referring domains, assisted article sessions, and returning users.","P2_31_60D"
"People & partnerships","E4. Being unilaterally useful to bigger creators","SITUATIONAL","MANUAL_EXTERNAL","E4. Being unilaterally useful to bigger creators is legitimate and potentially measurable, but execution requires a human-controlled external account, submission, relationship, or outreach action.","Medium","L","Approved pitch/submission copy, qualified target list, tracked destination URL, and human account/relationship owner.","Founder or partnerships lead","Submission/outreach log, destination URL, date, response/status, UTM link, and referral analytics screenshot/export.","Acceptance/reply rate, live placements, referral sessions, earned links, and assisted conversions.","P2_MANUAL_31_60D"
"People & partnerships","E5. Commenting strategy on large accounts","SITUATIONAL","MANUAL_EXTERNAL","E5. Commenting strategy on large accounts is legitimate and potentially measurable, but execution requires a human-controlled external account, submission, relationship, or outreach action.","Medium","L","Named owner, baseline metrics, one tracked landing URL, and a 30-day test window.","Founder or partnerships lead","Submission/outreach log, destination URL, date, response/status, UTM link, and referral analytics screenshot/export.","Acceptance/reply rate, live placements, referral sessions, earned links, and assisted conversions.","P2_MANUAL_31_60D"
"People & partnerships","E6. The Skyscraper Technique (build better content, then email everyone linking to the worse version)","BLOCKED-BY-CONSTRAINT","MANUAL_EXTERNAL","E6. The Skyscraper Technique (build better content, then email everyone linking to the worse version) is legitimate and potentially measurable, but execution requires a human-controlled external account, submission, relationship, or outreach action.","Medium","M","Named owner, baseline metrics, one tracked landing URL, and a 30-day test window.","Founder or partnerships lead","Submission/outreach log, destination URL, date, response/status, UTM link, and referral analytics screenshot/export.","Acceptance/reply rate, live placements, referral sessions, earned links, and assisted conversions.","P2_MANUAL_31_60D"
"People & partnerships","F1. Data-visualisation awards","SITUATIONAL","QUEUE","F1. Data-visualisation awards is legitimate but lower priority than the first 60 days' owned-data, tool, citation, and proven distribution work.","Low-Medium","XL","Named owner, baseline metrics, one tracked landing URL, and a 30-day test window.","Growth operations","Live artifact or logged experiment, baseline, tagged traffic, and 30-day outcome report.","Qualified referral sessions, engaged-session rate, earned links/mentions, and 30-day repeatability.","P3_QUEUE_61_90D"
"People & partnerships","F2. Data-storytelling contests and academic visualisation challenges","SITUATIONAL","MANUAL_EXTERNAL","F2. Data-storytelling contests and academic visualisation challenges is legitimate and potentially measurable, but execution requires a human-controlled external account, submission, relationship, or outreach action.","Medium","L","Named owner, baseline metrics, one tracked landing URL, and a 30-day test window.","Founder or partnerships lead","Submission/outreach log, destination URL, date, response/status, UTM link, and referral analytics screenshot/export.","Acceptance/reply rate, live placements, referral sessions, earned links, and assisted conversions.","P2_MANUAL_31_60D"
"People & partnerships","F3. Food-media awards (James Beard and equivalents)","DEAD","REJECT","Reject F3. Food-media awards (James Beard and equivalents): the source audit marks the channel DEAD; it has no active audience or reliable referral path, so expected traffic is effectively zero.","None","M","None; retain only as a do-not-do control.","Growth lead / policy guardrail","Decision log names F3. Food-media awards (James Beard and equivalents), the prohibited/invalid mechanism, and the concrete risk or lack of audience.","0 implementation incidents; 0 policy violations; 0 spend.","NEVER"
"People & partnerships","F4. Open calls for datasets and research","WORKS","MANUAL_EXTERNAL","F4. Open calls for datasets and research is legitimate and potentially measurable, but execution requires a human-controlled external account, submission, relationship, or outreach action.","Medium","M","Validated CSV/data dictionary, methodology page, explicit license, stable canonical study URLs.","Founder or partnerships lead","Submission/outreach log, destination URL, date, response/status, UTM link, and referral analytics screenshot/export.","Dataset views/downloads, referring domains, citation mentions, and qualified sessions to study URLs.","P2_MANUAL_31_60D"
"People & partnerships","F5. Hackathons and civic-data events","SITUATIONAL","QUEUE","F5. Hackathons and civic-data events is legitimate but lower priority than the first 60 days' owned-data, tool, citation, and proven distribution work.","Low-Medium","L","Named owner, baseline metrics, one tracked landing URL, and a 30-day test window.","Growth operations","Live artifact or logged experiment, baseline, tagged traffic, and 30-day outcome report.","Qualified referral sessions, engaged-session rate, earned links/mentions, and 30-day repeatability.","P3_QUEUE_61_90D"
"People & partnerships","F6. Grant programmes (journalism, open data, food security)","BLOCKED-BY-CONSTRAINT","REJECT","Grant writing is a high-effort funding activity, not a near-term organic traffic channel; it requires a qualified program and institutional eligibility.","None","XL","None; retain only as a do-not-do control.","Growth lead / policy guardrail","Decision log names F6. Grant programmes (journalism, open data, food security), the prohibited/invalid mechanism, and the concrete risk or lack of audience.","0 implementation incidents; 0 policy violations; 0 spend.","NEVER"
"People & partnerships","F7. Product Hunt / launch-directory launches","SITUATIONAL","MANUAL_EXTERNAL","F7. Product Hunt / launch-directory launches is legitimate and potentially measurable, but execution requires a human-controlled external account, submission, relationship, or outreach action.","Medium","M","Approved pitch/submission copy, qualified target list, tracked destination URL, and human account/relationship owner.","Founder or partnerships lead","Submission/outreach log, destination URL, date, response/status, UTM link, and referral analytics screenshot/export.","Acceptance/reply rate, live placements, referral sessions, earned links, and assisted conversions.","P2_MANUAL_31_60D"
"People & partnerships","G1. Local news and regional press","BLOCKED-BY-CONSTRAINT","MANUAL_EXTERNAL","G1. Local news and regional press is legitimate and potentially measurable, but execution requires a human-controlled external account, submission, relationship, or outreach action.","Medium","M","Approved pitch/submission copy, qualified target list, tracked destination URL, and human account/relationship owner.","Founder or partnerships lead","Submission/outreach log, destination URL, date, response/status, UTM link, and referral analytics screenshot/export.","Acceptance/reply rate, live placements, referral sessions, earned links, and assisted conversions.","P2_MANUAL_31_60D"
"People & partnerships","G2. Public library partnerships","BLOCKED-BY-CONSTRAINT","MANUAL_EXTERNAL","G2. Public library partnerships is legitimate and potentially measurable, but execution requires a human-controlled external account, submission, relationship, or outreach action.","Medium","M","Approved pitch/submission copy, qualified target list, tracked destination URL, and human account/relationship owner.","Founder or partnerships lead","Submission/outreach log, destination URL, date, response/status, UTM link, and referral analytics screenshot/export.","Acceptance/reply rate, live placements, referral sessions, earned links, and assisted conversions.","P2_MANUAL_31_60D"
"People & partnerships","G3. Food banks and community organisations","BLOCKED-BY-CONSTRAINT","MANUAL_EXTERNAL","G3. Food banks and community organisations is legitimate and potentially measurable, but execution requires a human-controlled external account, submission, relationship, or outreach action.","Medium","M","Approved pitch/submission copy, qualified target list, tracked destination URL, and human account/relationship owner.","Founder or partnerships lead","Submission/outreach log, destination URL, date, response/status, UTM link, and referral analytics screenshot/export.","Acceptance/reply rate, live placements, referral sessions, earned links, and assisted conversions.","P2_MANUAL_31_60D"
"People & partnerships","G4. Cooperative Extension and SNAP-Ed programmes","SITUATIONAL","DEPENDENCY","G4. Cooperative Extension and SNAP-Ed programmes is valid only after its named asset, audience, eligibility, or platform prerequisite exists; activating it earlier would create an empty channel.","Low-Medium","M","Approved pitch/submission copy, qualified target list, tracked destination URL, and human account/relationship owner.","Growth operations","Prerequisite artifact and owner verified first; then a live eligibility/account/feed check before activation.","Qualified referral sessions, engaged-session rate, earned links/mentions, and 30-day repeatability.","P2_DEPENDENCY_31_60D"
"People & partnerships","G5. Farmers markets, in-person events, printed QR materials","DEAD","REJECT","Reject G5. Farmers markets, in-person events, printed QR materials: the source audit marks the channel DEAD; it has no active audience or reliable referral path, so expected traffic is effectively zero.","None","M","None; retain only as a do-not-do control.","Growth lead / policy guardrail","Decision log names G5. Farmers markets, in-person events, printed QR materials, the prohibited/invalid mechanism, and the concrete risk or lack of audience.","0 implementation incidents; 0 policy violations; 0 spend.","NEVER"
"People & partnerships","G6. Community colleges and campus food-insecurity programmes","BLOCKED-BY-CONSTRAINT","MANUAL_EXTERNAL","G6. Community colleges and campus food-insecurity programmes is legitimate and potentially measurable, but execution requires a human-controlled external account, submission, relationship, or outreach action.","Medium","M","Approved pitch/submission copy, qualified target list, tracked destination URL, and human account/relationship owner.","Founder or partnerships lead","Submission/outreach log, destination URL, date, response/status, UTM link, and referral analytics screenshot/export.","Acceptance/reply rate, live placements, referral sessions, earned links, and assisted conversions.","P2_MANUAL_31_60D"
"People & partnerships","G7. Local Facebook groups (buy-nothing, town groups, local frugal groups)","DEAD","REJECT","Reject G7. Local Facebook groups (buy-nothing, town groups, local frugal groups): the source audit marks the channel DEAD; it has no active audience or reliable referral path, so expected traffic is effectively zero.","None","M","None; retain only as a do-not-do control.","Growth lead / policy guardrail","Decision log names G7. Local Facebook groups (buy-nothing, town groups, local frugal groups), the prohibited/invalid mechanism, and the concrete risk or lack of audience.","0 implementation incidents; 0 policy violations; 0 spend.","NEVER"
"People & partnerships","G8. Nextdoor","DEAD","REJECT","Reject G8. Nextdoor: the source audit marks the channel DEAD; it has no active audience or reliable referral path, so expected traffic is effectively zero.","None","M","None; retain only as a do-not-do control.","Growth lead / policy guardrail","Decision log names G8. Nextdoor, the prohibited/invalid mechanism, and the concrete risk or lack of audience.","0 implementation incidents; 0 policy violations; 0 spend.","NEVER"
"People & partnerships","H1. Reader referral programme (subscriber-gets-subscriber)","SITUATIONAL","DEPENDENCY","H1. Reader referral programme (subscriber-gets-subscriber) is valid only after its named asset, audience, eligibility, or platform prerequisite exists; activating it earlier would create an empty channel.","Low-Medium","M","Meaningful subscriber base, reward economics, fraud controls, and referral tracking.","Growth operations","Prerequisite artifact and owner verified first; then a live eligibility/account/feed check before activation.","Qualified referral sessions, engaged-session rate, earned links/mentions, and 30-day repeatability.","P2_DEPENDENCY_31_60D"
"People & partnerships","H2. Ambassador / contributor programme","SITUATIONAL","QUEUE","H2. Ambassador / contributor programme is legitimate but lower priority than the first 60 days' owned-data, tool, citation, and proven distribution work.","Low-Medium","L","Meaningful subscriber base, reward economics, fraud controls, and referral tracking.","Growth operations","Live artifact or logged experiment, baseline, tagged traffic, and 30-day outcome report.","Qualified referral sessions, engaged-session rate, earned links/mentions, and 30-day repeatability.","P3_QUEUE_61_90D"
"People & partnerships","H3. ""Powered by"" attribution and embeddable badges","WORKS","EXECUTE_NOW","H3. ""Powered by"" attribution and embeddable badges creates or improves an owned, measurable discovery asset and can begin without waiting for an external acceptance decision.","Medium-High","M","A genuinely useful public tool/API, embed-safe attribution, documentation, and abuse/performance review.","Growth operations","Live artifact or logged experiment, baseline, tagged traffic, and 30-day outcome report.","Tool starts/completions, embeds, referring domains, assisted article sessions, and returning users.","P1_0_30D"
"People & partnerships","H4. White-labelling / syndication of the dataset","SITUATIONAL","EXECUTE_NOW","H4. White-labelling / syndication of the dataset creates or improves an owned, measurable discovery asset and can begin without waiting for an external acceptance decision.","Medium","M","Validated CSV/data dictionary, methodology page, explicit license, stable canonical study URLs.","SEO/data engineering","Live public asset, source/license/methodology links, analytics event, Search Console/Bing inclusion evidence, and 30-day cohort report.","Dataset views/downloads, referring domains, citation mentions, and qualified sessions to study URLs.","P2_31_60D"
"People & partnerships","H5. Affiliate/partner networks as a traffic channel","DEAD","REJECT","Reject H5. Affiliate/partner networks as a traffic channel: the source audit marks the channel DEAD; it has no active audience or reliable referral path, so expected traffic is effectively zero.","None","M","None; retain only as a do-not-do control.","Growth lead / policy guardrail","Decision log names H5. Affiliate/partner networks as a traffic channel, the prohibited/invalid mechanism, and the concrete risk or lack of audience.","0 implementation incidents; 0 policy violations; 0 spend.","NEVER"
"People & partnerships","I1. Bluesky starter packs","WORKS","MANUAL_EXTERNAL","I1. Bluesky starter packs is legitimate and potentially measurable, but execution requires a human-controlled external account, submission, relationship, or outreach action.","Medium","S","Approved pitch/submission copy, qualified target list, tracked destination URL, and human account/relationship owner.","Founder or partnerships lead","Submission/outreach log, destination URL, date, response/status, UTM link, and referral analytics screenshot/export.","Acceptance/reply rate, live placements, referral sessions, earned links, and assisted conversions.","P2_MANUAL_31_60D"
"People & partnerships","I2. Kit (ConvertKit) Creator Network","SITUATIONAL","MANUAL_EXTERNAL","I2. Kit (ConvertKit) Creator Network is legitimate and potentially measurable, but execution requires a human-controlled external account, submission, relationship, or outreach action.","Medium","S","Active newsletter, clear value proposition, attribution tracking, and owner access to the external account.","Founder or partnerships lead","Submission/outreach log, destination URL, date, response/status, UTM link, and referral analytics screenshot/export.","Confirmed subscribers, referral sessions, outbound CTR, and 30-day retained subscribers.","P2_MANUAL_31_60D"
"People & partnerships","I3. Substack recommendations and Notes","SITUATIONAL","DEPENDENCY","I3. Substack recommendations and Notes is valid only after its named asset, audience, eligibility, or platform prerequisite exists; activating it earlier would create an empty channel.","Medium-High","L","Active newsletter, clear value proposition, attribution tracking, and owner access to the external account.","Growth operations","Prerequisite artifact and owner verified first; then a live eligibility/account/feed check before activation.","Confirmed subscribers, referral sessions, outbound CTR, and 30-day retained subscribers.","P2_DEPENDENCY_31_60D"
"People & partnerships","I4. Who-to-follow / suggested-account surfaces","MYTH","REJECT","Reject I4. Who-to-follow / suggested-account surfaces: the underlying claim is unsupported or misstates how discovery works; implementing it would consume effort without a measurable acquisition mechanism.","None","M","None; retain only as a do-not-do control.","Growth lead / policy guardrail","Decision log names I4. Who-to-follow / suggested-account surfaces, the prohibited/invalid mechanism, and the concrete risk or lack of audience.","0 implementation incidents; 0 policy violations; 0 spend.","NEVER"
"People & partnerships","I5. Creator directories and niche listing sites","SITUATIONAL","MANUAL_EXTERNAL","I5. Creator directories and niche listing sites is legitimate and potentially measurable, but execution requires a human-controlled external account, submission, relationship, or outreach action.","Medium","M","Approved pitch/submission copy, qualified target list, tracked destination URL, and human account/relationship owner.","Founder or partnerships lead","Submission/outreach log, destination URL, date, response/status, UTM link, and referral analytics screenshot/export.","Acceptance/reply rate, live placements, referral sessions, earned links, and assisted conversions.","P2_MANUAL_31_60D"
"People & partnerships","I6. Podcast guest-matching services as a directory presence","BLOCKED-BY-CONSTRAINT","MANUAL_EXTERNAL","I6. Podcast guest-matching services as a directory presence is legitimate and potentially measurable, but execution requires a human-controlled external account, submission, relationship, or outreach action.","Medium","M","Repeatable audio format, host/profile assets, feed ownership, and at least three publishable episodes.","Founder or partnerships lead","Submission/outreach log, destination URL, date, response/status, UTM link, and referral analytics screenshot/export.","Acceptance/reply rate, live placements, referral sessions, earned links, and assisted conversions.","P2_MANUAL_31_60D"
"Hacks, myths & folklore","Traffic Sweep 07 — Hacks, Myths, Grey-Hat, and Folklore","DANGEROUS","REJECT","Traffic Sweep 07 — Hacks, Myths, Grey-Hat, and Folklore is a catalog heading or legend, not an executable growth method.","Negative","M","None; retain only as a do-not-do control.","Growth lead / policy guardrail","Decision log names Traffic Sweep 07 — Hacks, Myths, Grey-Hat, and Folklore, the prohibited/invalid mechanism, and the concrete risk or lack of audience.","0 implementation incidents; 0 policy violations; 0 spend.","NEVER"
"Hacks, myths & folklore","Verdict flags","DANGEROUS","REJECT","Verdict flags is a catalog heading or legend, not an executable growth method.","Negative","M","None; retain only as a do-not-do control.","Growth lead / policy guardrail","Decision log names Verdict flags, the prohibited/invalid mechanism, and the concrete risk or lack of audience.","0 implementation incidents; 0 policy violations; 0 spend.","NEVER"
"Hacks, myths & folklore","The Hotmail email signature (""PS: Get your free email at Hotmail"")","DEAD","REJECT","Reject The Hotmail email signature (""PS: Get your free email at Hotmail""): the source audit marks the channel DEAD; it has no active audience or reliable referral path, so expected traffic is effectively zero.","None","M","None; retain only as a do-not-do control.","Growth lead / policy guardrail","Decision log names The Hotmail email signature (""PS: Get your free email at Hotmail""), the prohibited/invalid mechanism, and the concrete risk or lack of audience.","0 implementation incidents; 0 policy violations; 0 spend.","NEVER"
"Hacks, myths & folklore","Dropbox double-sided referral (500MB for you, 500MB for them)","SITUATIONAL","DEPENDENCY","Dropbox double-sided referral (500MB for you, 500MB for them) is valid only after its named asset, audience, eligibility, or platform prerequisite exists; activating it earlier would create an empty channel.","Low-Medium","M","Meaningful subscriber base, reward economics, fraud controls, and referral tracking.","Growth operations","Prerequisite artifact and owner verified first; then a live eligibility/account/feed check before activation.","Qualified referral sessions, engaged-session rate, earned links/mentions, and 30-day repeatability.","P2_DEPENDENCY_31_60D"
"Hacks, myths & folklore","Embed-widget seeding (badge / widget / calculator with a backlink)","SITUATIONAL","EXECUTE_NOW","Embed-widget seeding (badge / widget / calculator with a backlink) creates or improves an owned, measurable discovery asset and can begin without waiting for an external acceptance decision.","High","L","A genuinely useful public tool/API, embed-safe attribution, documentation, and abuse/performance review.","SEO/data engineering","Live public asset, source/license/methodology links, analytics event, Search Console/Bing inclusion evidence, and 30-day cohort report.","Tool starts/completions, embeds, referring domains, assisted article sessions, and returning users.","P1_0_30D"
"Hacks, myths & folklore","Ego bait (""Top 50 X bloggers"", expert roundups)","SITUATIONAL","QUEUE","Ego bait (""Top 50 X bloggers"", expert roundups) is legitimate but lower priority than the first 60 days' owned-data, tool, citation, and proven distribution work.","Low-Medium","M","Approved pitch/submission copy, qualified target list, tracked destination URL, and human account/relationship owner.","Growth operations","Live artifact or logged experiment, baseline, tagged traffic, and 30-day outcome report.","Qualified referral sessions, engaged-session rate, earned links/mentions, and 30-day repeatability.","P3_QUEUE_61_90D"
"Hacks, myths & folklore","Skyscraper technique (Brian Dean / Backlinko, 2013)","SITUATIONAL","MANUAL_EXTERNAL","Skyscraper technique (Brian Dean / Backlinko, 2013) is legitimate and potentially measurable, but execution requires a human-controlled external account, submission, relationship, or outreach action.","Medium","L","Named owner, baseline metrics, one tracked landing URL, and a 30-day test window.","Founder or partnerships lead","Submission/outreach log, destination URL, date, response/status, UTM link, and referral analytics screenshot/export.","Acceptance/reply rate, live placements, referral sessions, earned links, and assisted conversions.","P2_MANUAL_31_60D"
"Hacks, myths & folklore","Broken link building","WORKS","MANUAL_EXTERNAL","Broken link building is legitimate and potentially measurable, but execution requires a human-controlled external account, submission, relationship, or outreach action.","Medium","L","Named owner, baseline metrics, one tracked landing URL, and a 30-day test window.","Founder or partnerships lead","Submission/outreach log, destination URL, date, response/status, UTM link, and referral analytics screenshot/export.","Acceptance/reply rate, live placements, referral sessions, earned links, and assisted conversions.","P2_MANUAL_31_60D"
"Hacks, myths & folklore","HARO (Help A Reporter Out) at its peak","SITUATIONAL","MANUAL_EXTERNAL","HARO (Help A Reporter Out) at its peak is legitimate and potentially measurable, but execution requires a human-controlled external account, submission, relationship, or outreach action.","Medium","M","Approved pitch/submission copy, qualified target list, tracked destination URL, and human account/relationship owner.","Founder or partnerships lead","Submission/outreach log, destination URL, date, response/status, UTM link, and referral analytics screenshot/export.","Acceptance/reply rate, live placements, referral sessions, earned links, and assisted conversions.","P2_MANUAL_31_60D"
"Hacks, myths & folklore","Share networks — Quuu, Triberr, Viral Content Bee","DEAD","REJECT","Reject Share networks — Quuu, Triberr, Viral Content Bee: the source audit marks the channel DEAD; it has no active audience or reliable referral path, so expected traffic is effectively zero.","None","M","None; retain only as a do-not-do control.","Growth lead / policy guardrail","Decision log names Share networks — Quuu, Triberr, Viral Content Bee, the prohibited/invalid mechanism, and the concrete risk or lack of audience.","0 implementation incidents; 0 policy violations; 0 spend.","NEVER"
"Hacks, myths & folklore","StumbleUpon seeding","DEAD","REJECT","Reject StumbleUpon seeding: the source audit marks the channel DEAD; it has no active audience or reliable referral path, so expected traffic is effectively zero.","None","M","None; retain only as a do-not-do control.","Growth lead / policy guardrail","Decision log names StumbleUpon seeding, the prohibited/invalid mechanism, and the concrete risk or lack of audience.","0 implementation incidents; 0 policy violations; 0 spend.","NEVER"
"Hacks, myths & folklore","Digg-era front-page gaming","DEAD","REJECT","Reject Digg-era front-page gaming: the source audit marks the channel DEAD; it has no active audience or reliable referral path, so expected traffic is effectively zero.","None","M","None; retain only as a do-not-do control.","Growth lead / policy guardrail","Decision log names Digg-era front-page gaming, the prohibited/invalid mechanism, and the concrete risk or lack of audience.","0 implementation incidents; 0 policy violations; 0 spend.","NEVER"
"Hacks, myths & folklore","Reddit vote rings / vote manipulation","DANGEROUS","REJECT","Reject Reddit vote rings / vote manipulation: it manufactures engagement or traffic, violates platform integrity rules, and can trigger account or domain bans without producing qualified readers.","Negative","M","None; retain only as a do-not-do control.","Growth lead / policy guardrail","Decision log names Reddit vote rings / vote manipulation, the prohibited/invalid mechanism, and the concrete risk or lack of audience.","0 implementation incidents; 0 policy violations; 0 spend.","NEVER"
"Hacks, myths & folklore","Forum signature links","DEAD","REJECT","Reject Forum signature links: the source audit marks the channel DEAD; it has no active audience or reliable referral path, so expected traffic is effectively zero.","None","M","None; retain only as a do-not-do control.","Growth lead / policy guardrail","Decision log names Forum signature links, the prohibited/invalid mechanism, and the concrete risk or lack of audience.","0 implementation incidents; 0 policy violations; 0 spend.","NEVER"
"Hacks, myths & folklore","Blog comment links","DEAD","REJECT","Reject Blog comment links: the source audit marks the channel DEAD; it has no active audience or reliable referral path, so expected traffic is effectively zero.","None","M","None; retain only as a do-not-do control.","Growth lead / policy guardrail","Decision log names Blog comment links, the prohibited/invalid mechanism, and the concrete risk or lack of audience.","0 implementation incidents; 0 policy violations; 0 spend.","NEVER"
"Hacks, myths & folklore","Web rings","SITUATIONAL","REJECT","Modern web rings have no material food-budget audience or reliable referral volume; recreating one would cost more than the qualified traffic it could plausibly send.","None","M","None; retain only as a do-not-do control.","Growth lead / policy guardrail","Decision log names Web rings, the prohibited/invalid mechanism, and the concrete risk or lack of audience.","0 implementation incidents; 0 policy violations; 0 spend.","NEVER"
"Hacks, myths & folklore","Banner exchanges and traffic exchanges (LinkExchange, EasyHits4U, Hitleap, 10KHits)","DANGEROUS","REJECT","Reject Banner exchanges and traffic exchanges (LinkExchange, EasyHits4U, Hitleap, 10KHits): it manufactures engagement or traffic, violates platform integrity rules, and can trigger account or domain bans without producing qualified readers.","Negative","S","None; retain only as a do-not-do control.","Growth lead / policy guardrail","Decision log names Banner exchanges and traffic exchanges (LinkExchange, EasyHits4U, Hitleap, 10KHits), the prohibited/invalid mechanism, and the concrete risk or lack of audience.","0 implementation incidents; 0 policy violations; 0 spend.","NEVER"
"Hacks, myths & folklore","Safelists / email blast lists","DANGEROUS","REJECT","Reject Safelists / email blast lists: it manufactures engagement or traffic, violates platform integrity rules, and can trigger account or domain bans without producing qualified readers.","Negative","M","None; retain only as a do-not-do control.","Growth lead / policy guardrail","Decision log names Safelists / email blast lists, the prohibited/invalid mechanism, and the concrete risk or lack of audience.","0 implementation incidents; 0 policy violations; 0 spend.","NEVER"
"Hacks, myths & folklore","Newsletter referral milestone programs (the surviving descendant of #2)","SITUATIONAL","DEPENDENCY","Newsletter referral milestone programs (the surviving descendant of #2) is valid only after its named asset, audience, eligibility, or platform prerequisite exists; activating it earlier would create an empty channel.","Low-Medium","M","Active newsletter, clear value proposition, attribution tracking, and owner access to the external account.","Growth operations","Prerequisite artifact and owner verified first; then a live eligibility/account/feed check before activation.","Confirmed subscribers, referral sessions, outbound CTR, and 30-day retained subscribers.","P2_DEPENDENCY_31_60D"
"Hacks, myths & folklore","Link-roundup / weekly-roundup pitching","WORKS","MANUAL_EXTERNAL","Link-roundup / weekly-roundup pitching is legitimate and potentially measurable, but execution requires a human-controlled external account, submission, relationship, or outreach action.","Medium","M","Approved pitch/submission copy, qualified target list, tracked destination URL, and human account/relationship owner.","Founder or partnerships lead","Submission/outreach log, destination URL, date, response/status, UTM link, and referral analytics screenshot/export.","Acceptance/reply rate, live placements, referral sessions, earned links, and assisted conversions.","P2_MANUAL_31_60D"
"Hacks, myths & folklore","PBNs (Private Blog Networks)","DANGEROUS","REJECT","Reject PBNs (Private Blog Networks): it is a manipulative link scheme under search-engine spam policies and creates manual-action, deindexing, and reputation risk.","Negative","L","None; retain only as a do-not-do control.","Growth lead / policy guardrail","Decision log names PBNs (Private Blog Networks), the prohibited/invalid mechanism, and the concrete risk or lack of audience.","0 implementation incidents; 0 policy violations; 0 spend.","NEVER"
"Hacks, myths & folklore","Link farms","DANGEROUS","REJECT","Reject Link farms: it is a manipulative link scheme under search-engine spam policies and creates manual-action, deindexing, and reputation risk.","Negative","M","None; retain only as a do-not-do control.","Growth lead / policy guardrail","Decision log names Link farms, the prohibited/invalid mechanism, and the concrete risk or lack of audience.","0 implementation incidents; 0 policy violations; 0 spend.","NEVER"
"Hacks, myths & folklore","Expired domain buying (for the backlinks)","DANGEROUS","REJECT","Reject Expired domain buying (for the backlinks): it is a manipulative link scheme under search-engine spam policies and creates manual-action, deindexing, and reputation risk.","Negative","M","None; retain only as a do-not-do control.","Growth lead / policy guardrail","Decision log names Expired domain buying (for the backlinks), the prohibited/invalid mechanism, and the concrete risk or lack of audience.","0 implementation incidents; 0 policy violations; 0 spend.","NEVER"
"Hacks, myths & folklore","301 redirect chains from expired domains (""301 power"")","DANGEROUS","REJECT","Reject 301 redirect chains from expired domains (""301 power""): it is a manipulative link scheme under search-engine spam policies and creates manual-action, deindexing, and reputation risk.","Negative","M","None; retain only as a do-not-do control.","Growth lead / policy guardrail","Decision log names 301 redirect chains from expired domains (""301 power""), the prohibited/invalid mechanism, and the concrete risk or lack of audience.","0 implementation incidents; 0 policy violations; 0 spend.","NEVER"
"Hacks, myths & folklore","Parasite SEO on high-DA hosts","DANGEROUS","REJECT","Reject Parasite SEO on high-DA hosts: renting or exploiting another host's authority is unstable, policy-sensitive, and does not build the Daily Life Hacks domain.","Negative","M","None; retain only as a do-not-do control.","Growth lead / policy guardrail","Decision log names Parasite SEO on high-DA hosts, the prohibited/invalid mechanism, and the concrete risk or lack of audience.","0 implementation incidents; 0 policy violations; 0 spend.","NEVER"
"Hacks, myths & folklore","Article spinning","DANGEROUS","REJECT","Reject Article spinning: it is scaled or deceptive content abuse that lowers site quality and creates spam-policy and indexation risk.","Negative","M","None; retain only as a do-not-do control.","Growth lead / policy guardrail","Decision log names Article spinning, the prohibited/invalid mechanism, and the concrete risk or lack of audience.","0 implementation incidents; 0 policy violations; 0 spend.","NEVER"
"Hacks, myths & folklore","AI mass-generation of articles","DANGEROUS","REJECT","Reject AI mass-generation of articles: it is scaled or deceptive content abuse that lowers site quality and creates spam-policy and indexation risk.","Negative","M","None; retain only as a do-not-do control.","Growth lead / policy guardrail","Decision log names AI mass-generation of articles, the prohibited/invalid mechanism, and the concrete risk or lack of audience.","0 implementation incidents; 0 policy violations; 0 spend.","NEVER"
"Hacks, myths & folklore","Programmatic SEO at scale","DANGEROUS","REJECT","Reject Programmatic SEO at scale: it is scaled or deceptive content abuse that lowers site quality and creates spam-policy and indexation risk.","Negative","L","None; retain only as a do-not-do control.","Growth lead / policy guardrail","Decision log names Programmatic SEO at scale, the prohibited/invalid mechanism, and the concrete risk or lack of audience.","0 implementation incidents; 0 policy violations; 0 spend.","NEVER"
"Hacks, myths & folklore","Doorway pages","DANGEROUS","REJECT","Reject Doorway pages: it is scaled or deceptive content abuse that lowers site quality and creates spam-policy and indexation risk.","Negative","M","None; retain only as a do-not-do control.","Growth lead / policy guardrail","Decision log names Doorway pages, the prohibited/invalid mechanism, and the concrete risk or lack of audience.","0 implementation incidents; 0 policy violations; 0 spend.","NEVER"
"Hacks, myths & folklore","Hidden text and hidden links","DANGEROUS","REJECT","Reject Hidden text and hidden links: it is scaled or deceptive content abuse that lowers site quality and creates spam-policy and indexation risk.","Negative","M","None; retain only as a do-not-do control.","Growth lead / policy guardrail","Decision log names Hidden text and hidden links, the prohibited/invalid mechanism, and the concrete risk or lack of audience.","0 implementation incidents; 0 policy violations; 0 spend.","NEVER"
"Hacks, myths & folklore","Cloaking","DANGEROUS","REJECT","Reject Cloaking: it is scaled or deceptive content abuse that lowers site quality and creates spam-policy and indexation risk.","Negative","M","None; retain only as a do-not-do control.","Growth lead / policy guardrail","Decision log names Cloaking, the prohibited/invalid mechanism, and the concrete risk or lack of audience.","0 implementation incidents; 0 policy violations; 0 spend.","NEVER"
"Hacks, myths & folklore","Negative SEO (pointing spam links at a competitor)","DANGEROUS","REJECT","Reject Negative SEO (pointing spam links at a competitor): it is deceptive, abusive, or unlawful behavior with security and legal exposure; it has no acceptable role in this program.","Negative","M","None; retain only as a do-not-do control.","Growth lead / policy guardrail","Decision log names Negative SEO (pointing spam links at a competitor), the prohibited/invalid mechanism, and the concrete risk or lack of audience.","0 implementation incidents; 0 policy violations; 0 spend.","NEVER"
"Hacks, myths & folklore","Comment and forum spam (automated)","DANGEROUS","REJECT","Reject Comment and forum spam (automated): it is scaled or deceptive content abuse that lowers site quality and creates spam-policy and indexation risk.","Negative","M","None; retain only as a do-not-do control.","Growth lead / policy guardrail","Decision log names Comment and forum spam (automated), the prohibited/invalid mechanism, and the concrete risk or lack of audience.","0 implementation incidents; 0 policy violations; 0 spend.","NEVER"
"Hacks, myths & folklore","Scraped content / auto-blogging","DANGEROUS","REJECT","Reject Scraped content / auto-blogging: it is scaled or deceptive content abuse that lowers site quality and creates spam-policy and indexation risk.","Negative","M","None; retain only as a do-not-do control.","Growth lead / policy guardrail","Decision log names Scraped content / auto-blogging, the prohibited/invalid mechanism, and the concrete risk or lack of audience.","0 implementation incidents; 0 policy violations; 0 spend.","NEVER"
"Hacks, myths & folklore","Translation spam","DANGEROUS","REJECT","Reject Translation spam: it is scaled or deceptive content abuse that lowers site quality and creates spam-policy and indexation risk.","Negative","M","None; retain only as a do-not-do control.","Growth lead / policy guardrail","Decision log names Translation spam, the prohibited/invalid mechanism, and the concrete risk or lack of audience.","0 implementation incidents; 0 policy violations; 0 spend.","NEVER"
"Hacks, myths & folklore","Exact-match domains (EMDs)","DEAD","REJECT","Reject Exact-match domains (EMDs): the source audit marks the channel DEAD; it has no active audience or reliable referral path, so expected traffic is effectively zero.","None","M","None; retain only as a do-not-do control.","Growth lead / policy guardrail","Decision log names Exact-match domains (EMDs), the prohibited/invalid mechanism, and the concrete risk or lack of audience.","0 implementation incidents; 0 policy violations; 0 spend.","NEVER"
"Hacks, myths & folklore","Reciprocal link schemes (""you link me, I link you"")","DANGEROUS","REJECT","Reject Reciprocal link schemes (""you link me, I link you""): it is a manipulative link scheme under search-engine spam policies and creates manual-action, deindexing, and reputation risk.","Negative","M","None; retain only as a do-not-do control.","Growth lead / policy guardrail","Decision log names Reciprocal link schemes (""you link me, I link you""), the prohibited/invalid mechanism, and the concrete risk or lack of audience.","0 implementation incidents; 0 policy violations; 0 spend.","NEVER"
"Hacks, myths & folklore","Guest post networks / paid guest posting","DANGEROUS","REJECT","Reject Guest post networks / paid guest posting: it is a manipulative link scheme under search-engine spam policies and creates manual-action, deindexing, and reputation risk.","Negative","M","None; retain only as a do-not-do control.","Growth lead / policy guardrail","Decision log names Guest post networks / paid guest posting, the prohibited/invalid mechanism, and the concrete risk or lack of audience.","0 implementation incidents; 0 policy violations; 0 spend.","NEVER"
"Hacks, myths & folklore","Paid links and paid reviews","DANGEROUS","REJECT","Reject Paid links and paid reviews: it is a manipulative link scheme under search-engine spam policies and creates manual-action, deindexing, and reputation risk.","Negative","M","None; retain only as a do-not-do control.","Growth lead / policy guardrail","Decision log names Paid links and paid reviews, the prohibited/invalid mechanism, and the concrete risk or lack of audience.","0 implementation incidents; 0 policy violations; 0 spend.","NEVER"
"Hacks, myths & folklore",".edu / .gov link schemes","DANGEROUS","REJECT","Reject .edu / .gov link schemes: the source audit marks it DANGEROUS; its policy, platform, or brand downside exceeds any credible organic-traffic benefit.","Negative","L","None; retain only as a do-not-do control.","Growth lead / policy guardrail","Decision log names .edu / .gov link schemes, the prohibited/invalid mechanism, and the concrete risk or lack of audience.","0 implementation incidents; 0 policy violations; 0 spend.","NEVER"
"Hacks, myths & folklore","Web 2.0 property networks","DANGEROUS","REJECT","Reject Web 2.0 property networks: the source audit marks it DANGEROUS; its policy, platform, or brand downside exceeds any credible organic-traffic benefit.","Negative","M","None; retain only as a do-not-do control.","Growth lead / policy guardrail","Decision log names Web 2.0 property networks, the prohibited/invalid mechanism, and the concrete risk or lack of audience.","0 implementation incidents; 0 policy violations; 0 spend.","NEVER"
"Hacks, myths & folklore","Tiered link building (Tier 1 / Tier 2 / Tier 3)","DANGEROUS","REJECT","Reject Tiered link building (Tier 1 / Tier 2 / Tier 3): it is a manipulative link scheme under search-engine spam policies and creates manual-action, deindexing, and reputation risk.","Negative","M","None; retain only as a do-not-do control.","Growth lead / policy guardrail","Decision log names Tiered link building (Tier 1 / Tier 2 / Tier 3), the prohibited/invalid mechanism, and the concrete risk or lack of audience.","0 implementation incidents; 0 policy violations; 0 spend.","NEVER"
"Hacks, myths & folklore","Social bookmarking blasts","DEAD","REJECT","Reject Social bookmarking blasts: the source audit marks the channel DEAD; it has no active audience or reliable referral path, so expected traffic is effectively zero.","None","M","None; retain only as a do-not-do control.","Growth lead / policy guardrail","Decision log names Social bookmarking blasts, the prohibited/invalid mechanism, and the concrete risk or lack of audience.","0 implementation incidents; 0 policy violations; 0 spend.","NEVER"
"Hacks, myths & folklore","Directory blasts","SITUATIONAL","REJECT","Bulk directory submission is a low-quality, uncurated link tactic with negligible referral traffic and avoidable spam-footprint risk; only named human-curated directories remain eligible.","None","M","None; retain only as a do-not-do control.","Growth lead / policy guardrail","Decision log names Directory blasts, the prohibited/invalid mechanism, and the concrete risk or lack of audience.","0 implementation incidents; 0 policy violations; 0 spend.","NEVER"
"Hacks, myths & folklore","Press releases for SEO","WORKS","REJECT","Paid wire syndication produces duplicate nofollow copies and is not an SEO link strategy; genuine journalist coverage is handled separately under local/news outreach.","None","M","None; retain only as a do-not-do control.","Growth lead / policy guardrail","Decision log names Press releases for SEO, the prohibited/invalid mechanism, and the concrete risk or lack of audience.","0 implementation incidents; 0 policy violations; 0 spend.","NEVER"
"Hacks, myths & folklore","Automated link-building tools (GSA SER, Money Robot, SEnuke, RankerX)","DANGEROUS","REJECT","Reject Automated link-building tools (GSA SER, Money Robot, SEnuke, RankerX): the source audit marks it DANGEROUS; its policy, platform, or brand downside exceeds any credible organic-traffic benefit.","Negative","M","None; retain only as a do-not-do control.","Growth lead / policy guardrail","Decision log names Automated link-building tools (GSA SER, Money Robot, SEnuke, RankerX), the prohibited/invalid mechanism, and the concrete risk or lack of audience.","0 implementation incidents; 0 policy violations; 0 spend.","NEVER"
"Hacks, myths & folklore","Link insertions / niche edits (""we'll add your link to an existing post"")","DANGEROUS","REJECT","Reject Link insertions / niche edits (""we'll add your link to an existing post""): it is a manipulative link scheme under search-engine spam policies and creates manual-action, deindexing, and reputation risk.","Negative","M","None; retain only as a do-not-do control.","Growth lead / policy guardrail","Decision log names Link insertions / niche edits (""we'll add your link to an existing post""), the prohibited/invalid mechanism, and the concrete risk or lack of audience.","0 implementation incidents; 0 policy violations; 0 spend.","NEVER"
"Hacks, myths & folklore","CTR manipulation bots (SerpClix, ClickSEO, ""SERP CTR services"")","DANGEROUS","REJECT","Reject CTR manipulation bots (SerpClix, ClickSEO, ""SERP CTR services""): it manufactures engagement or traffic, violates platform integrity rules, and can trigger account or domain bans without producing qualified readers.","Negative","M","None; retain only as a do-not-do control.","Growth lead / policy guardrail","Decision log names CTR manipulation bots (SerpClix, ClickSEO, ""SERP CTR services""), the prohibited/invalid mechanism, and the concrete risk or lack of audience.","0 implementation incidents; 0 policy violations; 0 spend.","NEVER"
"Hacks, myths & folklore","Dwell-time / pogo-stick manipulation","DANGEROUS","REJECT","Reject Dwell-time / pogo-stick manipulation: it manufactures engagement or traffic, violates platform integrity rules, and can trigger account or domain bans without producing qualified readers.","Negative","M","None; retain only as a do-not-do control.","Growth lead / policy guardrail","Decision log names Dwell-time / pogo-stick manipulation, the prohibited/invalid mechanism, and the concrete risk or lack of audience.","0 implementation incidents; 0 policy violations; 0 spend.","NEVER"
"Hacks, myths & folklore","Fake reviews and review gating","DANGEROUS","REJECT","Reject Fake reviews and review gating: the source audit marks it DANGEROUS; its policy, platform, or brand downside exceeds any credible organic-traffic benefit.","Negative","M","None; retain only as a do-not-do control.","Growth lead / policy guardrail","Decision log names Fake reviews and review gating, the prohibited/invalid mechanism, and the concrete risk or lack of audience.","0 implementation incidents; 0 policy violations; 0 spend.","NEVER"
"Hacks, myths & folklore","Hacked-site and ""SEO poisoning"" links","DANGEROUS","REJECT","Reject Hacked-site and ""SEO poisoning"" links: it is deceptive, abusive, or unlawful behavior with security and legal exposure; it has no acceptable role in this program.","Negative","L","None; retain only as a do-not-do control.","Growth lead / policy guardrail","Decision log names Hacked-site and ""SEO poisoning"" links, the prohibited/invalid mechanism, and the concrete risk or lack of audience.","0 implementation incidents; 0 policy violations; 0 spend.","NEVER"
"Hacks, myths & folklore","""Bounce rate is a ranking factor""","MYTH","REJECT","Reject ""Bounce rate is a ranking factor"": the underlying claim is unsupported or misstates how discovery works; implementing it would consume effort without a measurable acquisition mechanism.","None","S","None; retain only as a do-not-do control.","Growth lead / policy guardrail","Decision log names ""Bounce rate is a ranking factor"", the prohibited/invalid mechanism, and the concrete risk or lack of audience.","0 implementation incidents; 0 policy violations; 0 spend.","NEVER"
"Hacks, myths & folklore","""There is an optimal keyword density (1–3%)""","MYTH","REJECT","Reject ""There is an optimal keyword density (1–3%)"": the underlying claim is unsupported or misstates how discovery works; implementing it would consume effort without a measurable acquisition mechanism.","None","S","None; retain only as a do-not-do control.","Growth lead / policy guardrail","Decision log names ""There is an optimal keyword density (1–3%)"", the prohibited/invalid mechanism, and the concrete risk or lack of audience.","0 implementation incidents; 0 policy violations; 0 spend.","NEVER"
"Hacks, myths & folklore","""LSI keywords""","MYTH","REJECT","Reject ""LSI keywords"": the underlying claim is unsupported or misstates how discovery works; implementing it would consume effort without a measurable acquisition mechanism.","None","S","None; retain only as a do-not-do control.","Growth lead / policy guardrail","Decision log names ""LSI keywords"", the prohibited/invalid mechanism, and the concrete risk or lack of audience.","0 implementation incidents; 0 policy violations; 0 spend.","NEVER"
"Hacks, myths & folklore","""Domain Authority is a Google metric""","MYTH","REJECT","Reject ""Domain Authority is a Google metric"": the underlying claim is unsupported or misstates how discovery works; implementing it would consume effort without a measurable acquisition mechanism.","None","M","None; retain only as a do-not-do control.","Growth lead / policy guardrail","Decision log names ""Domain Authority is a Google metric"", the prohibited/invalid mechanism, and the concrete risk or lack of audience.","0 implementation incidents; 0 policy violations; 0 spend.","NEVER"
"Hacks, myths & folklore","""The Google Sandbox""","MYTH","REJECT","Reject ""The Google Sandbox"": the underlying claim is unsupported or misstates how discovery works; implementing it would consume effort without a measurable acquisition mechanism.","None","M","None; retain only as a do-not-do control.","Growth lead / policy guardrail","Decision log names ""The Google Sandbox"", the prohibited/invalid mechanism, and the concrete risk or lack of audience.","0 implementation incidents; 0 policy violations; 0 spend.","NEVER"
"Hacks, myths & folklore","""Posting frequency is a ranking factor""","MYTH","REJECT","Reject ""Posting frequency is a ranking factor"": the underlying claim is unsupported or misstates how discovery works; implementing it would consume effort without a measurable acquisition mechanism.","None","M","None; retain only as a do-not-do control.","Growth lead / policy guardrail","Decision log names ""Posting frequency is a ranking factor"", the prohibited/invalid mechanism, and the concrete risk or lack of audience.","0 implementation incidents; 0 policy violations; 0 spend.","NEVER"
"Hacks, myths & folklore","""There is a minimum word count (1,500 / 2,000 / 3,000 words)""","MYTH","REJECT","Reject ""There is a minimum word count (1,500 / 2,000 / 3,000 words)"": the underlying claim is unsupported or misstates how discovery works; implementing it would consume effort without a measurable acquisition mechanism.","None","M","None; retain only as a do-not-do control.","Growth lead / policy guardrail","Decision log names ""There is a minimum word count (1,500 / 2,000 / 3,000 words)"", the prohibited/invalid mechanism, and the concrete risk or lack of audience.","0 implementation incidents; 0 policy violations; 0 spend.","NEVER"
"Hacks, myths & folklore","""Duplicate content is penalised""","MYTH","REJECT","Reject ""Duplicate content is penalised"": the underlying claim is unsupported or misstates how discovery works; implementing it would consume effort without a measurable acquisition mechanism.","None","M","None; retain only as a do-not-do control.","Growth lead / policy guardrail","Decision log names ""Duplicate content is penalised"", the prohibited/invalid mechanism, and the concrete risk or lack of audience.","0 implementation incidents; 0 policy violations; 0 spend.","NEVER"
"Hacks, myths & folklore","""Meta keywords tag matters""","MYTH","REJECT","Reject ""Meta keywords tag matters"": the underlying claim is unsupported or misstates how discovery works; implementing it would consume effort without a measurable acquisition mechanism.","None","M","None; retain only as a do-not-do control.","Growth lead / policy guardrail","Decision log names ""Meta keywords tag matters"", the prohibited/invalid mechanism, and the concrete risk or lack of audience.","0 implementation incidents; 0 policy violations; 0 spend.","NEVER"
"Hacks, myths & folklore","""You must submit your site to search engines""","WORKS","EXECUTE_NOW","Execute only the legitimate core: verify XML sitemaps in Google and Bing and verify IndexNow delivery. Reject paid bulk submission to imaginary search engines.","Medium","M","Named owner, baseline metrics, one tracked landing URL, and a 30-day test window.","Growth operations","Live artifact or logged experiment, baseline, tagged traffic, and 30-day outcome report.","Qualified referral sessions, engaged-session rate, earned links/mentions, and 30-day repeatability.","P2_31_60D"
"Hacks, myths & folklore","""You need to disavow toxic backlinks regularly""","MYTH","REJECT","Reject ""You need to disavow toxic backlinks regularly"": the underlying claim is unsupported or misstates how discovery works; implementing it would consume effort without a measurable acquisition mechanism.","None","M","None; retain only as a do-not-do control.","Growth lead / policy guardrail","Decision log names ""You need to disavow toxic backlinks regularly"", the prohibited/invalid mechanism, and the concrete risk or lack of audience.","0 implementation incidents; 0 policy violations; 0 spend.","NEVER"
"Hacks, myths & folklore","""Social signals are a direct ranking factor""","MYTH","REJECT","Reject ""Social signals are a direct ranking factor"": the underlying claim is unsupported or misstates how discovery works; implementing it would consume effort without a measurable acquisition mechanism.","None","M","None; retain only as a do-not-do control.","Growth lead / policy guardrail","Decision log names ""Social signals are a direct ranking factor"", the prohibited/invalid mechanism, and the concrete risk or lack of audience.","0 implementation incidents; 0 policy violations; 0 spend.","NEVER"
"Hacks, myths & folklore","""Nofollow links are worthless""","MYTH","REJECT","Reject ""Nofollow links are worthless"": the underlying claim is unsupported or misstates how discovery works; implementing it would consume effort without a measurable acquisition mechanism.","None","M","None; retain only as a do-not-do control.","Growth lead / policy guardrail","Decision log names ""Nofollow links are worthless"", the prohibited/invalid mechanism, and the concrete risk or lack of audience.","0 implementation incidents; 0 policy violations; 0 spend.","NEVER"
"Hacks, myths & folklore","""AI content is automatically penalised""","MYTH","REJECT","Reject ""AI content is automatically penalised"": the underlying claim is unsupported or misstates how discovery works; implementing it would consume effort without a measurable acquisition mechanism.","None","M","None; retain only as a do-not-do control.","Growth lead / policy guardrail","Decision log names ""AI content is automatically penalised"", the prohibited/invalid mechanism, and the concrete risk or lack of audience.","0 implementation incidents; 0 policy violations; 0 spend.","NEVER"
"Hacks, myths & folklore","""E-E-A-T is a score Google assigns you""","MYTH","REJECT","Reject ""E-E-A-T is a score Google assigns you"": the underlying claim is unsupported or misstates how discovery works; implementing it would consume effort without a measurable acquisition mechanism.","None","M","None; retain only as a do-not-do control.","Growth lead / policy guardrail","Decision log names ""E-E-A-T is a score Google assigns you"", the prohibited/invalid mechanism, and the concrete risk or lack of audience.","0 implementation incidents; 0 policy violations; 0 spend.","NEVER"
"Hacks, myths & folklore","""PageRank / toolbar PR still matters""","MYTH","REJECT","Reject ""PageRank / toolbar PR still matters"": the underlying claim is unsupported or misstates how discovery works; implementing it would consume effort without a measurable acquisition mechanism.","None","L","None; retain only as a do-not-do control.","Growth lead / policy guardrail","Decision log names ""PageRank / toolbar PR still matters"", the prohibited/invalid mechanism, and the concrete risk or lack of audience.","0 implementation incidents; 0 policy violations; 0 spend.","NEVER"
"Hacks, myths & folklore","""Google penalises you for having ads / affiliate links""","MYTH","REJECT","Reject ""Google penalises you for having ads / affiliate links"": the underlying claim is unsupported or misstates how discovery works; implementing it would consume effort without a measurable acquisition mechanism.","None","M","None; retain only as a do-not-do control.","Growth lead / policy guardrail","Decision log names ""Google penalises you for having ads / affiliate links"", the prohibited/invalid mechanism, and the concrete risk or lack of audience.","0 implementation incidents; 0 policy violations; 0 spend.","NEVER"
"Hacks, myths & folklore","""Google rewards exact keyword-matched H1s / URLs / alt text""","MYTH","REJECT","Reject ""Google rewards exact keyword-matched H1s / URLs / alt text"": the underlying claim is unsupported or misstates how discovery works; implementing it would consume effort without a measurable acquisition mechanism.","None","M","None; retain only as a do-not-do control.","Growth lead / policy guardrail","Decision log names ""Google rewards exact keyword-matched H1s / URLs / alt text"", the prohibited/invalid mechanism, and the concrete risk or lack of audience.","0 implementation incidents; 0 policy violations; 0 spend.","NEVER"
"Hacks, myths & folklore","Pinning schedules (""pin exactly 5x/day at 15-minute intervals"")","SITUATIONAL","REJECT","No fixed cadence guarantees reach; use controlled cadence tests instead of a superstition-based schedule.","None","S","None; retain only as a do-not-do control.","Growth lead / policy guardrail","Decision log names Pinning schedules (""pin exactly 5x/day at 15-minute intervals""), the prohibited/invalid mechanism, and the concrete risk or lack of audience.","0 implementation incidents; 0 policy violations; 0 spend.","NEVER"
"Hacks, myths & folklore","Pinterest ""fresh pin"" lore","SITUATIONAL","REJECT","Treating cosmetic image variants as a ranking hack encourages churn; only genuinely new creative tied to measured audience questions should be produced.","None","M","None; retain only as a do-not-do control.","Growth lead / policy guardrail","Decision log names Pinterest ""fresh pin"" lore, the prohibited/invalid mechanism, and the concrete risk or lack of audience.","0 implementation incidents; 0 policy violations; 0 spend.","NEVER"
"Hacks, myths & folklore","""Best time to post"" charts","SITUATIONAL","REJECT","Generic posting-time charts do not reflect this account's audience; timing must be tested against account-level outbound clicks.","None","M","None; retain only as a do-not-do control.","Growth lead / policy guardrail","Decision log names ""Best time to post"" charts, the prohibited/invalid mechanism, and the concrete risk or lack of audience.","0 implementation incidents; 0 policy violations; 0 spend.","NEVER"
"Hacks, myths & folklore","Hashtag counts (""use exactly 11 hashtags"" / ""30 or nothing"")","DEAD","REJECT","Reject Hashtag counts (""use exactly 11 hashtags"" / ""30 or nothing""): the source audit marks the channel DEAD; it has no active audience or reliable referral path, so expected traffic is effectively zero.","None","M","None; retain only as a do-not-do control.","Growth lead / policy guardrail","Decision log names Hashtag counts (""use exactly 11 hashtags"" / ""30 or nothing""), the prohibited/invalid mechanism, and the concrete risk or lack of audience.","0 implementation incidents; 0 policy violations; 0 spend.","NEVER"
"Hacks, myths & folklore","""The algorithm hates links"" (link penalty on social)","SITUATIONAL","REJECT","The claim is not a reliable rule and removing useful destination links would defeat the traffic objective.","None","M","None; retain only as a do-not-do control.","Growth lead / policy guardrail","Decision log names ""The algorithm hates links"" (link penalty on social), the prohibited/invalid mechanism, and the concrete risk or lack of audience.","0 implementation incidents; 0 policy violations; 0 spend.","NEVER"
"Hacks, myths & folklore","Engagement pods / comment pods / Facebook share threads","DANGEROUS","REJECT","Reject Engagement pods / comment pods / Facebook share threads: it manufactures engagement or traffic, violates platform integrity rules, and can trigger account or domain bans without producing qualified readers.","Negative","S","None; retain only as a do-not-do control.","Growth lead / policy guardrail","Decision log names Engagement pods / comment pods / Facebook share threads, the prohibited/invalid mechanism, and the concrete risk or lack of audience.","0 implementation incidents; 0 policy violations; 0 spend.","NEVER"
"Hacks, myths & folklore","""Keyword in the first 100 words""","MYTH","REJECT","Reject ""Keyword in the first 100 words"": the underlying claim is unsupported or misstates how discovery works; implementing it would consume effort without a measurable acquisition mechanism.","None","M","None; retain only as a do-not-do control.","Growth lead / policy guardrail","Decision log names ""Keyword in the first 100 words"", the prohibited/invalid mechanism, and the concrete risk or lack of audience.","0 implementation incidents; 0 policy violations; 0 spend.","NEVER"
"Hacks, myths & folklore","The long recipe-blog intro","DEAD","REJECT","Reject The long recipe-blog intro: the source audit marks the channel DEAD; it has no active audience or reliable referral path, so expected traffic is effectively zero.","None","M","None; retain only as a do-not-do control.","Growth lead / policy guardrail","Decision log names The long recipe-blog intro, the prohibited/invalid mechanism, and the concrete risk or lack of audience.","0 implementation incidents; 0 policy violations; 0 spend.","NEVER"
"Hacks, myths & folklore","""You must post daily on Pinterest or the algorithm forgets you""","MYTH","REJECT","Reject ""You must post daily on Pinterest or the algorithm forgets you"": the underlying claim is unsupported or misstates how discovery works; implementing it would consume effort without a measurable acquisition mechanism.","None","M","None; retain only as a do-not-do control.","Growth lead / policy guardrail","Decision log names ""You must post daily on Pinterest or the algorithm forgets you"", the prohibited/invalid mechanism, and the concrete risk or lack of audience.","0 implementation incidents; 0 policy violations; 0 spend.","NEVER"
"Hacks, myths & folklore","Follow/unfollow (and its Pinterest cousin, mass-following)","DANGEROUS","REJECT","Reject Follow/unfollow (and its Pinterest cousin, mass-following): it manufactures engagement or traffic, violates platform integrity rules, and can trigger account or domain bans without producing qualified readers.","Negative","M","None; retain only as a do-not-do control.","Growth lead / policy guardrail","Decision log names Follow/unfollow (and its Pinterest cousin, mass-following), the prohibited/invalid mechanism, and the concrete risk or lack of audience.","0 implementation incidents; 0 policy violations; 0 spend.","NEVER"
"Hacks, myths & folklore","""Group boards are the key to Pinterest growth""","DEAD","REJECT","Reject ""Group boards are the key to Pinterest growth"": the source audit marks the channel DEAD; it has no active audience or reliable referral path, so expected traffic is effectively zero.","None","M","None; retain only as a do-not-do control.","Growth lead / policy guardrail","Decision log names ""Group boards are the key to Pinterest growth"", the prohibited/invalid mechanism, and the concrete risk or lack of audience.","0 implementation incidents; 0 policy violations; 0 spend.","NEVER"
"Hacks, myths & folklore","""Tailwind Tribes / Communities are essential""","DEAD","REJECT","Reject ""Tailwind Tribes / Communities are essential"": the source audit marks the channel DEAD; it has no active audience or reliable referral path, so expected traffic is effectively zero.","None","M","None; retain only as a do-not-do control.","Growth lead / policy guardrail","Decision log names ""Tailwind Tribes / Communities are essential"", the prohibited/invalid mechanism, and the concrete risk or lack of audience.","0 implementation incidents; 0 policy violations; 0 spend.","NEVER"
"Hacks, myths & folklore","""Nofollow all outbound links to preserve link juice"" (PageRank sculpting)","MYTH","REJECT","Reject ""Nofollow all outbound links to preserve link juice"" (PageRank sculpting): the underlying claim is unsupported or misstates how discovery works; implementing it would consume effort without a measurable acquisition mechanism.","None","M","None; retain only as a do-not-do control.","Growth lead / policy guardrail","Decision log names ""Nofollow all outbound links to preserve link juice"" (PageRank sculpting), the prohibited/invalid mechanism, and the concrete risk or lack of audience.","0 implementation incidents; 0 policy violations; 0 spend.","NEVER"
"Hacks, myths & folklore","""Deleting old posts / republishing with a new date boosts rankings""","WORKS","EXECUTE_NOW","Execute genuine evidence-based refreshes and update dates only when the body materially changes. Date-only republishing is explicitly excluded.","Medium","M","Current technical/content audit, URL-level baseline, and rollback-safe implementation plan.","Growth operations","Live artifact or logged experiment, baseline, tagged traffic, and 30-day outcome report.","Indexed cohort, impressions, clicks, average position, and cannibalization changes after 28/56 days.","P2_31_60D"
"Hacks, myths & folklore","Give away the whole product as a free PDF — Good and Cheap (Leanne Brown)","WORKS","QUEUE","Give away the whole product as a free PDF — Good and Cheap (Leanne Brown) is legitimate but lower priority than the first 60 days' owned-data, tool, citation, and proven distribution work.","Low-Medium","XL","Named owner, baseline metrics, one tracked landing URL, and a 30-day test window.","Growth operations","Live artifact or logged experiment, baseline, tagged traffic, and 30-day outcome report.","Qualified referral sessions, engaged-session rate, earned links/mentions, and 30-day repeatability.","P3_QUEUE_61_90D"
"Hacks, myths & folklore","The public self-experiment — the One Dollar Diet Project","WORKS","QUEUE","The public self-experiment — the One Dollar Diet Project is legitimate but lower priority than the first 60 days' owned-data, tool, citation, and proven distribution work.","Low-Medium","L","Named owner, baseline metrics, one tracked landing URL, and a 30-day test window.","Growth operations","Live artifact or logged experiment, baseline, tagged traffic, and 30-day outcome report.","Qualified referral sessions, engaged-session rate, earned links/mentions, and 30-day repeatability.","P3_QUEUE_61_90D"
"Hacks, myths & folklore","""I did X for 30 days""","SITUATIONAL","QUEUE","""I did X for 30 days"" is legitimate but lower priority than the first 60 days' owned-data, tool, citation, and proven distribution work.","Low-Medium","M","Named owner, baseline metrics, one tracked landing URL, and a 30-day test window.","Growth operations","Live artifact or logged experiment, baseline, tagged traffic, and 30-day outcome report.","Qualified referral sessions, engaged-session rate, earned links/mentions, and 30-day repeatability.","P3_QUEUE_61_90D"
"Hacks, myths & folklore","Radical transparency / open metrics","SITUATIONAL","DEPENDENCY","Radical transparency / open metrics is valid only after its named asset, audience, eligibility, or platform prerequisite exists; activating it earlier would create an empty channel.","Low-Medium","S","Named owner, baseline metrics, one tracked landing URL, and a 30-day test window.","Growth operations","Prerequisite artifact and owner verified first; then a live eligibility/account/feed check before activation.","Qualified referral sessions, engaged-session rate, earned links/mentions, and 30-day repeatability.","P2_DEPENDENCY_31_60D"
"Hacks, myths & folklore","Public failure posts / post-mortems","WORKS","QUEUE","Public failure posts / post-mortems is legitimate but lower priority than the first 60 days' owned-data, tool, citation, and proven distribution work.","Low-Medium","M","Named owner, baseline metrics, one tracked landing URL, and a 30-day test window.","Growth operations","Live artifact or logged experiment, baseline, tagged traffic, and 30-day outcome report.","Qualified referral sessions, engaged-session rate, earned links/mentions, and 30-day repeatability.","P3_QUEUE_61_90D"
"Hacks, myths & folklore","Dataset release (open data as a link magnet)","WORKS","EXECUTE_NOW","Dataset release (open data as a link magnet) creates or improves an owned, measurable discovery asset and can begin without waiting for an external acceptance decision.","High","M","Validated CSV/data dictionary, methodology page, explicit license, stable canonical study URLs.","SEO/data engineering","Live public asset, source/license/methodology links, analytics event, Search Console/Bing inclusion evidence, and 30-day cohort report.","Dataset views/downloads, referring domains, citation mentions, and qualified sessions to study URLs.","P1_0_30D"
"Hacks, myths & folklore","Open-sourcing the tooling","SITUATIONAL","QUEUE","Open-sourcing the tooling is legitimate but lower priority than the first 60 days' owned-data, tool, citation, and proven distribution work.","Low-Medium","M","A genuinely useful public tool/API, embed-safe attribution, documentation, and abuse/performance review.","SEO/data engineering","Live public asset, source/license/methodology links, analytics event, Search Console/Bing inclusion evidence, and 30-day cohort report.","Tool starts/completions, embeds, referring domains, assisted article sessions, and returning users.","P3_QUEUE_61_90D"
"Hacks, myths & folklore","The free tool as a permanent traffic asset","SITUATIONAL","EXECUTE_NOW","The free tool as a permanent traffic asset creates or improves an owned, measurable discovery asset and can begin without waiting for an external acceptance decision.","Medium","L","A genuinely useful public tool/API, embed-safe attribution, documentation, and abuse/performance review.","SEO/data engineering","Live public asset, source/license/methodology links, analytics event, Search Console/Bing inclusion evidence, and 30-day cohort report.","Tool starts/completions, embeds, referring domains, assisted article sessions, and returning users.","P2_31_60D"
"Hacks, myths & folklore","The public leaderboard / always-updated ranking","WORKS","EXECUTE_NOW","The public leaderboard / always-updated ranking creates or improves an owned, measurable discovery asset and can begin without waiting for an external acceptance decision.","High","M","Named owner, baseline metrics, one tracked landing URL, and a 30-day test window.","Growth operations","Live public asset, source/license/methodology links, analytics event, Search Console/Bing inclusion evidence, and 30-day cohort report.","Tool starts/completions, embeds, referring domains, assisted article sessions, and returning users.","P1_0_30D"
"Hacks, myths & folklore","Manufactured controversy / taking a side in a live fight","DANGEROUS","REJECT","Reject Manufactured controversy / taking a side in a live fight: deliberately provoking conflict creates brand and moderation risk without a durable search or referral asset.","Negative","M","None; retain only as a do-not-do control.","Growth lead / policy guardrail","Decision log names Manufactured controversy / taking a side in a live fight, the prohibited/invalid mechanism, and the concrete risk or lack of audience.","0 implementation incidents; 0 policy violations; 0 spend.","NEVER"
"Hacks, myths & folklore","Registering a made-up holiday","SITUATIONAL","QUEUE","Registering a made-up holiday is legitimate but lower priority than the first 60 days' owned-data, tool, citation, and proven distribution work.","Low-Medium","L","Named owner, baseline metrics, one tracked landing URL, and a 30-day test window.","Growth operations","Live artifact or logged experiment, baseline, tagged traffic, and 30-day outcome report.","Qualified referral sessions, engaged-session rate, earned links/mentions, and 30-day repeatability.","P3_QUEUE_61_90D"
"Hacks, myths & folklore","Wikipedia citation","DANGEROUS","REJECT","Self-adding the site's source is a conflict of interest and risks Wikipedia spam blacklisting; third-party citation may occur only as an earned outcome.","Negative","S","None; retain only as a do-not-do control.","Growth lead / policy guardrail","Decision log names Wikipedia citation, the prohibited/invalid mechanism, and the concrete risk or lack of audience.","0 implementation incidents; 0 policy violations; 0 spend.","NEVER"
"Hacks, myths & folklore","The public bet / public challenge","SITUATIONAL","DEPENDENCY","The public bet / public challenge is valid only after its named asset, audience, eligibility, or platform prerequisite exists; activating it earlier would create an empty channel.","Low-Medium","M","Named owner, baseline metrics, one tracked landing URL, and a 30-day test window.","Growth operations","Prerequisite artifact and owner verified first; then a live eligibility/account/feed check before activation.","Qualified referral sessions, engaged-session rate, earned links/mentions, and 30-day repeatability.","P2_DEPENDENCY_31_60D"
"Hacks, myths & folklore","World-record attempt","SITUATIONAL","DEPENDENCY","World-record attempt is valid only after its named asset, audience, eligibility, or platform prerequisite exists; activating it earlier would create an empty channel.","Low-Medium","M","Named owner, baseline metrics, one tracked landing URL, and a 30-day test window.","Growth operations","Prerequisite artifact and owner verified first; then a live eligibility/account/feed check before activation.","Qualified referral sessions, engaged-session rate, earned links/mentions, and 30-day repeatability.","P2_DEPENDENCY_31_60D"
"Hacks, myths & folklore","Petitions","MYTH","REJECT","Reject Petitions: the underlying claim is unsupported or misstates how discovery works; implementing it would consume effort without a measurable acquisition mechanism.","None","M","None; retain only as a do-not-do control.","Growth lead / policy guardrail","Decision log names Petitions, the prohibited/invalid mechanism, and the concrete risk or lack of audience.","0 implementation incidents; 0 policy violations; 0 spend.","NEVER"
"Hacks, myths & folklore","Local TV news and local newspaper","WORKS","MANUAL_EXTERNAL","Local TV news and local newspaper is legitimate and potentially measurable, but execution requires a human-controlled external account, submission, relationship, or outreach action.","High","M","Approved pitch/submission copy, qualified target list, tracked destination URL, and human account/relationship owner.","Founder or partnerships lead","Submission/outreach log, destination URL, date, response/status, UTM link, and referral analytics screenshot/export.","Acceptance/reply rate, live placements, referral sessions, earned links, and assisted conversions.","P1_MANUAL_0_30D"
"Hacks, myths & folklore","The stunt physical object","SITUATIONAL","DEPENDENCY","The stunt physical object is valid only after its named asset, audience, eligibility, or platform prerequisite exists; activating it earlier would create an empty channel.","Low-Medium","M","Named owner, baseline metrics, one tracked landing URL, and a 30-day test window.","Growth operations","Prerequisite artifact and owner verified first; then a live eligibility/account/feed check before activation.","Qualified referral sessions, engaged-session rate, earned links/mentions, and 30-day repeatability.","P2_DEPENDENCY_31_60D"
"Hacks, myths & folklore","Answer the question that has no good answer yet","WORKS","EXECUTE_NOW","Answer the question that has no good answer yet creates or improves an owned, measurable discovery asset and can begin without waiting for an external acceptance decision.","High","L","Named owner, baseline metrics, one tracked landing URL, and a 30-day test window.","Editorial lead","Live artifact or logged experiment, baseline, tagged traffic, and 30-day outcome report.","Qualified referral sessions, engaged-session rate, earned links/mentions, and 30-day repeatability.","P1_0_30D"
"Hacks, myths & folklore","llms.txt","MYTH","REJECT","Reject llms.txt: the underlying claim is unsupported or misstates how discovery works; implementing it would consume effort without a measurable acquisition mechanism.","None","M","None; retain only as a do-not-do control.","Growth lead / policy guardrail","Decision log names llms.txt, the prohibited/invalid mechanism, and the concrete risk or lack of audience.","0 implementation incidents; 0 policy violations; 0 spend.","NEVER"
"Hacks, myths & folklore","""GEO / AEO / LLM optimization"" as a paid service","SITUATIONAL","REJECT","Buying an undefined GEO/AEO service has no auditable mechanism or guaranteed inclusion; the legitimate work, quotable data and clean source structure, is already assigned to owned execution tasks.","None","M","None; retain only as a do-not-do control.","Growth lead / policy guardrail","Decision log names ""GEO / AEO / LLM optimization"" as a paid service, the prohibited/invalid mechanism, and the concrete risk or lack of audience.","0 implementation incidents; 0 policy violations; 0 spend.","NEVER"
"Hacks, myths & folklore","""Schema markup improves rankings""","WORKS","EXECUTE_NOW","Implement only valid Recipe, Article, Breadcrumb, and Dataset eligibility markup. Structured data may improve rich-result eligibility and CTR, but it is not treated as a ranking boost.","Medium-High","L","Current technical/content audit, URL-level baseline, and rollback-safe implementation plan.","SEO/data engineering","Repository diff, passing build/validator, live URL/feed response, and relevant rich-result or crawl eligibility check.","Valid eligible pages, rich-result impressions, CTR, and zero new structured-data errors.","P1_0_30D"
"Hacks, myths & folklore","""Core Web Vitals is a major ranking factor""","MYTH","REJECT","Reject ""Core Web Vitals is a major ranking factor"": the underlying claim is unsupported or misstates how discovery works; implementing it would consume effort without a measurable acquisition mechanism.","None","S","None; retain only as a do-not-do control.","Growth lead / policy guardrail","Decision log names ""Core Web Vitals is a major ranking factor"", the prohibited/invalid mechanism, and the concrete risk or lack of audience.","0 implementation incidents; 0 policy violations; 0 spend.","NEVER"
"Hacks, myths & folklore","""Domain age is a ranking factor""","MYTH","REJECT","Reject ""Domain age is a ranking factor"": the underlying claim is unsupported or misstates how discovery works; implementing it would consume effort without a measurable acquisition mechanism.","None","M","None; retain only as a do-not-do control.","Growth lead / policy guardrail","Decision log names ""Domain age is a ranking factor"", the prohibited/invalid mechanism, and the concrete risk or lack of audience.","0 implementation incidents; 0 policy violations; 0 spend.","NEVER"
"Hacks, myths & folklore","Buying an existing site with real traffic","WORKS","REJECT","This is a capital acquisition, not an organic promotion method, and introduces due-diligence and post-update traffic-collapse risk outside this program.","None","M","None; retain only as a do-not-do control.","Growth lead / policy guardrail","Decision log names Buying an existing site with real traffic, the prohibited/invalid mechanism, and the concrete risk or lack of audience.","0 implementation incidents; 0 policy violations; 0 spend.","NEVER"
"Hacks, myths & folklore","Newsletter cross-promotion swaps","WORKS","MANUAL_EXTERNAL","Newsletter cross-promotion swaps is legitimate and potentially measurable, but execution requires a human-controlled external account, submission, relationship, or outreach action.","Medium","M","Active newsletter, clear value proposition, attribution tracking, and owner access to the external account.","Founder or partnerships lead","Submission/outreach log, destination URL, date, response/status, UTM link, and referral analytics screenshot/export.","Confirmed subscribers, referral sessions, outbound CTR, and 30-day retained subscribers.","P2_MANUAL_31_60D"
"Hacks, myths & folklore","Podcast guesting","WORKS","MANUAL_EXTERNAL","Podcast guesting is legitimate and potentially measurable, but execution requires a human-controlled external account, submission, relationship, or outreach action.","Medium","M","Repeatable audio format, host/profile assets, feed ownership, and at least three publishable episodes.","Founder or partnerships lead","Submission/outreach log, destination URL, date, response/status, UTM link, and referral analytics screenshot/export.","Acceptance/reply rate, live placements, referral sessions, earned links, and assisted conversions.","P2_MANUAL_31_60D"
"Hacks, myths & folklore","Quora, Medium answers, and answer-site farming","SITUATIONAL","REJECT","Answer-site farming produces low-intent referral traffic and encourages repetitive self-promotion; selective expert answers may happen naturally but will not be run as a volume tactic.","None","M","None; retain only as a do-not-do control.","Growth lead / policy guardrail","Decision log names Quora, Medium answers, and answer-site farming, the prohibited/invalid mechanism, and the concrete risk or lack of audience.","0 implementation incidents; 0 policy violations; 0 spend.","NEVER"
"Hacks, myths & folklore","Newsjacking","WORKS","EXECUTE_NOW","Newsjacking creates or improves an owned, measurable discovery asset and can begin without waiting for an external acceptance decision.","High","M","Approved pitch/submission copy, qualified target list, tracked destination URL, and human account/relationship owner.","Editorial lead","Live artifact or logged experiment, baseline, tagged traffic, and 30-day outcome report.","Qualified referral sessions, engaged-session rate, earned links/mentions, and 30-day repeatability.","P1_0_30D"
"Hacks, myths & folklore","Content pruning / noindexing thin pages","WORKS","EXECUTE_NOW","Content pruning / noindexing thin pages creates or improves an owned, measurable discovery asset and can begin without waiting for an external acceptance decision.","Medium-High","M","Current technical/content audit, URL-level baseline, and rollback-safe implementation plan.","SEO/data engineering","Live artifact or logged experiment, baseline, tagged traffic, and 30-day outcome report.","Indexed cohort, impressions, clicks, average position, and cannibalization changes after 28/56 days.","P1_0_30D"
"Hacks, myths & folklore","The cold-email ""SEO audit"" pitch","DANGEROUS","REJECT","Unsolicited scare-based audits are deceptive spam and would damage the brand; they do not promote this consumer site.","Negative","M","None; retain only as a do-not-do control.","Growth lead / policy guardrail","Decision log names The cold-email ""SEO audit"" pitch, the prohibited/invalid mechanism, and the concrete risk or lack of audience.","0 implementation incidents; 0 policy violations; 0 spend.","NEVER"
"Hacks, myths & folklore","Invoice and domain-slamming scams aimed at site owners","DANGEROUS","REJECT","Reject Invoice and domain-slamming scams aimed at site owners: it is deceptive, abusive, or unlawful behavior with security and legal exposure; it has no acceptable role in this program.","Negative","M","None; retain only as a do-not-do control.","Growth lead / policy guardrail","Decision log names Invoice and domain-slamming scams aimed at site owners, the prohibited/invalid mechanism, and the concrete risk or lack of audience.","0 implementation incidents; 0 policy violations; 0 spend.","NEVER"
"Hacks, myths & folklore","""Guaranteed page 1 rankings"" gigs","DANGEROUS","REJECT","Reject ""Guaranteed page 1 rankings"" gigs: it is deceptive, abusive, or unlawful behavior with security and legal exposure; it has no acceptable role in this program.","Negative","M","None; retain only as a do-not-do control.","Growth lead / policy guardrail","Decision log names ""Guaranteed page 1 rankings"" gigs, the prohibited/invalid mechanism, and the concrete risk or lack of audience.","0 implementation incidents; 0 policy violations; 0 spend.","NEVER"
"Hacks, myths & folklore","Buying or renting an aged social account (Pinterest/Instagram)","DANGEROUS","REJECT","Reject Buying or renting an aged social account (Pinterest/Instagram): it manufactures engagement or traffic, violates platform integrity rules, and can trigger account or domain bans without producing qualified readers.","Negative","M","None; retain only as a do-not-do control.","Growth lead / policy guardrail","Decision log names Buying or renting an aged social account (Pinterest/Instagram), the prohibited/invalid mechanism, and the concrete risk or lack of audience.","0 implementation incidents; 0 policy violations; 0 spend.","NEVER"
"Hacks, myths & folklore","Facebook Group posting","SITUATIONAL","MANUAL_EXTERNAL","Facebook Group posting is legitimate and potentially measurable, but execution requires a human-controlled external account, submission, relationship, or outreach action.","Medium","M","Approved pitch/submission copy, qualified target list, tracked destination URL, and human account/relationship owner.","Founder or partnerships lead","Submission/outreach log, destination URL, date, response/status, UTM link, and referral analytics screenshot/export.","Acceptance/reply rate, live placements, referral sessions, earned links, and assisted conversions.","P2_MANUAL_31_60D"
"Hacks, myths & folklore","Bloglovin', Flipboard, Mix, and the aggregator graveyard","SITUATIONAL","REJECT","This bundled graveyard tactic is rejected because Bloglovin and Mix lack credible traffic; Flipboard is retained separately as a named, measurable manual test.","None","M","None; retain only as a do-not-do control.","Growth lead / policy guardrail","Decision log names Bloglovin', Flipboard, Mix, and the aggregator graveyard, the prohibited/invalid mechanism, and the concrete risk or lack of audience.","0 implementation incidents; 0 policy violations; 0 spend.","NEVER"
"Hacks, myths & folklore","RSS / feed directory submission","DEAD","REJECT","Reject RSS / feed directory submission: the source audit marks the channel DEAD; it has no active audience or reliable referral path, so expected traffic is effectively zero.","None","M","None; retain only as a do-not-do control.","Growth lead / policy guardrail","Decision log names RSS / feed directory submission, the prohibited/invalid mechanism, and the concrete risk or lack of audience.","0 implementation incidents; 0 policy violations; 0 spend.","NEVER"
"Hacks, myths & folklore","Hacker News / Lobsters submission","DANGEROUS","REJECT","Recipe promotion is off-topic and manipulation risks a domain ban; only a genuinely technical open-data/tool launch may be submitted manually under the separate data-launch plan.","Negative","M","None; retain only as a do-not-do control.","Growth lead / policy guardrail","Decision log names Hacker News / Lobsters submission, the prohibited/invalid mechanism, and the concrete risk or lack of audience.","0 implementation incidents; 0 policy violations; 0 spend.","NEVER"
"Hacks, myths & folklore","Being cited by an LLM as a byproduct of Reddit presence","WORKS","EXECUTE_NOW","Being cited by an LLM as a byproduct of Reddit presence creates or improves an owned, measurable discovery asset and can begin without waiting for an external acceptance decision.","High","S","Named owner, baseline metrics, one tracked landing URL, and a 30-day test window.","Growth operations","Live artifact or logged experiment, baseline, tagged traffic, and 30-day outcome report.","Qualified referral sessions, engaged-session rate, earned links/mentions, and 30-day repeatability.","P1_0_30D"
"Hacks, myths & folklore","Everything flagged WORKS (the short list)","WORKS","REJECT","Everything flagged WORKS (the short list) is a catalog heading or legend, not an executable growth method.","None","M","None; retain only as a do-not-do control.","Growth lead / policy guardrail","Decision log names Everything flagged WORKS (the short list), the prohibited/invalid mechanism, and the concrete risk or lack of audience.","0 implementation incidents; 0 policy violations; 0 spend.","NEVER"
"Hacks, myths & folklore","Everything flagged DANGEROUS (do not buy, do not do)","DANGEROUS","REJECT","Everything flagged DANGEROUS (do not buy, do not do) is a catalog heading or legend, not an executable growth method.","Negative","M","None; retain only as a do-not-do control.","Growth lead / policy guardrail","Decision log names Everything flagged DANGEROUS (do not buy, do not do), the prohibited/invalid mechanism, and the concrete risk or lack of audience.","0 implementation incidents; 0 policy violations; 0 spend.","NEVER"
