slug,url,title,category,date,word_count,h2_count,faq_count,external_citation_count,in_sitemap,outbound_article_links,inbound_article_links,gsc_clicks_3m,gsc_impressions_3m,gsc_position,bing_clicks,bing_impressions,bing_backlinks,zero_search_evidence,recovery_cohort,closest_intent_slug,duplicate_intent_score,strong_duplicate_intent,objectively_thin,superior_target,decision,decision_reason
30-day-high-fiber-challenge-meal-plan,https://www.daily-life-hacks.com/30-day-high-fiber-challenge-meal-plan/,30 Day High Fiber Challenge Meal Plan,nutrition,2026-02-06,1105,10,5,2,YES,4,2,0,1,10.00,0,5,0,NO,NO,high-fiber-burrito-bowl-meal-prep,0.25,NO,NO,NO,KEEP,Freeze: no proven duplicate (best score 0.25); not objectively thin (1105 words < 700; 10 H2s; 2 external citations); has GSC or Bing search/link evidence; no demonstrably superior target (942 words vs 1105; 15 vs 2 inbound article links; search score 0 vs 6).
add-flavor-without-more-sugar-tricks,https://www.daily-life-hacks.com/add-flavor-without-more-sugar-tricks/,"Add Flavor Without Sugar: Cinnamon, Vanilla, Citrus, Cocoa",nutrition,2026-04-16,871,5,5,0,YES,3,5,0,3,5.67,0,0,0,NO,NO,,0.00,NO,NO,NO,KEEP,Freeze: no proven duplicate (best score 0.00); not objectively thin (871 words < 700; 5 H2s; 0 external citations); has GSC or Bing search/link evidence; no demonstrably superior target (none).
air-fryer-salmon-bites-garlic-honey-glaze,https://www.daily-life-hacks.com/air-fryer-salmon-bites-garlic-honey-glaze/,Air Fryer Salmon Bites With Garlic Honey Glaze,recipes,2026-04-08,869,6,5,0,YES,3,3,0,2,77.00,0,0,0,NO,NO,,0.00,NO,NO,NO,KEEP,Freeze: no proven duplicate (best score 0.00); not objectively thin (869 words < 450; 6 H2s; 0 external citations); has GSC or Bing search/link evidence; no demonstrably superior target (none).
aldi-shopping-hacks-large-family-meals,https://www.daily-life-hacks.com/aldi-shopping-hacks-large-family-meals/,Aldi Shopping Hacks for Large Family Meals,tips,2026-04-28,925,5,4,0,YES,4,3,0,6,38.00,0,0,0,NO,NO,freezer-organization-tips-large-family-meals,0.33,NO,NO,NO,KEEP,Freeze: no proven duplicate (best score 0.33); not objectively thin (925 words < 700; 5 H2s; 0 external citations); has GSC or Bing search/link evidence; no demonstrably superior target (1112 words vs 925; 2 vs 3 inbound article links; search score 1 vs 6).
amaranth-millet-teff-beginner-cooking-guide,https://www.daily-life-hacks.com/amaranth-millet-teff-beginner-cooking-guide/,"Amaranth, Millet, and Teff: A Beginner Cooking Guide",nutrition,2026-04-08,854,5,5,0,YES,3,3,0,0,,0,11,0,NO,NO,,0.00,NO,NO,NO,KEEP,Freeze: no proven duplicate (best score 0.00); not objectively thin (854 words < 700; 5 H2s; 0 external citations); has GSC or Bing search/link evidence; no demonstrably superior target (none).
animal-protein-per-dollar-ranked,https://www.daily-life-hacks.com/animal-protein-per-dollar-ranked/,The Cheapest Animal Protein: 21 Foods Ranked by Cost,nutrition,2026-07-13,955,5,5,0,YES,12,10,0,0,,0,1,0,NO,NO,protein-per-dollar-cheapest-protein-sources,0.56,NO,NO,YES,KEEP,Freeze: no proven duplicate (best score 0.56); not objectively thin (955 words < 700; 5 H2s; 0 external citations); has GSC or Bing search/link evidence.
artichoke-recipes-for-gut-health,https://www.daily-life-hacks.com/artichoke-recipes-for-gut-health/,How to Steam Artichokes With Lemon-Garlic Dip,recipes,2026-01-22,956,6,5,1,YES,3,3,0,0,,0,0,0,YES,NO,,0.00,NO,NO,NO,KEEP,Freeze: no proven duplicate (best score 0.00); not objectively thin (956 words < 450; 6 H2s; 1 external citations); no demonstrably superior target (none).
baked-cod-lemon-capers-green-beans,https://www.daily-life-hacks.com/baked-cod-lemon-capers-green-beans/,"Baked Cod With Lemon, Capers, and Green Beans (15-Min Prep)",recipes,2026-04-08,932,6,5,0,YES,3,2,0,0,,0,3,0,NO,NO,,0.00,NO,NO,NO,KEEP,Freeze: no proven duplicate (best score 0.00); not objectively thin (932 words < 450; 6 H2s; 0 external citations); has GSC or Bing search/link evidence; no demonstrably superior target (none).
baking-sheet-liners-parchment-silicone-when-to-use,https://www.daily-life-hacks.com/baking-sheet-liners-parchment-silicone-when-to-use/,Baking Sheet Liners: Parchment vs Silicone Mats,tips,2026-04-08,851,4,5,0,YES,4,3,0,35,23.06,1,10,0,NO,NO,,0.00,NO,NO,NO,KEEP,Freeze: no proven duplicate (best score 0.00); not objectively thin (851 words < 700; 4 H2s; 0 external citations); has GSC or Bing search/link evidence; no demonstrably superior target (none).
balanced-breakfast-that-keeps-you-full,https://www.daily-life-hacks.com/balanced-breakfast-that-keeps-you-full/,How to Build a Balanced Breakfast That Holds You Over,nutrition,2026-04-08,843,6,5,0,YES,5,6,0,0,,0,0,0,YES,NO,,0.00,NO,NO,NO,KEEP,Freeze: no proven duplicate (best score 0.00); not objectively thin (843 words < 700; 6 H2s; 0 external citations); no demonstrably superior target (none).
batch-cooking-for-beginners-weekly-guide,https://www.daily-life-hacks.com/batch-cooking-for-beginners-weekly-guide/,Batch Cooking for Beginners Weekly Guide,tips,2026-01-06,973,5,5,0,YES,8,4,0,0,,0,1,0,NO,NO,,0.00,NO,NO,NO,KEEP,Freeze: no proven duplicate (best score 0.00); not objectively thin (973 words < 700; 5 H2s; 0 external citations); has GSC or Bing search/link evidence; no demonstrably superior target (none).
beans-and-rice-complete-protein-meal,https://www.daily-life-hacks.com/beans-and-rice-complete-protein-meal/,Beans and Rice: A Complete Protein Meal on a Budget,recipes,2026-04-08,969,7,5,0,YES,5,19,0,0,,0,0,0,YES,NO,cheapest-complete-protein-pairs,0.38,NO,NO,NO,KEEP,Freeze: no proven duplicate (best score 0.38); not objectively thin (969 words < 450; 7 H2s; 0 external citations); no demonstrably superior target (991 words vs 969; 14 vs 19 inbound article links; search score 0 vs 0).
beans-double-win-fiber-protein,https://www.daily-life-hacks.com/beans-double-win-fiber-protein/,"Beans Win Twice: Protein and Fiber per Dollar, Ranked",nutrition,2026-07-13,1058,4,5,0,YES,14,17,0,0,,0,0,0,YES,NO,protein-per-dollar-cheapest-protein-sources,0.36,NO,NO,YES,KEEP,Freeze: no proven duplicate (best score 0.36); not objectively thin (1058 words < 700; 4 H2s; 0 external citations).
best-breakfast-foods-for-sustained-energy,https://www.daily-life-hacks.com/best-breakfast-foods-for-sustained-energy/,Best Breakfast Foods for Sustained Energy,nutrition,2026-03-15,961,9,5,0,YES,4,3,0,15,71.40,0,0,0,NO,NO,,0.00,NO,NO,NO,KEEP,Freeze: no proven duplicate (best score 0.00); not objectively thin (961 words < 700; 9 H2s; 0 external citations); has GSC or Bing search/link evidence; no demonstrably superior target (none).
best-high-fiber-foods-ranked-by-fiber-content,https://www.daily-life-hacks.com/best-high-fiber-foods-ranked-by-fiber-content/,"The Best High Fiber Foods, Ranked by Fiber Content",nutrition,2026-07-27,962,4,5,0,YES,12,4,0,0,,0,0,0,YES,NO,fiber-per-dollar-cheapest-high-fiber-foods,0.44,NO,NO,YES,KEEP,Freeze: no proven duplicate (best score 0.44); not objectively thin (962 words < 700; 4 H2s; 0 external citations).
best-high-fiber-fruits-for-weight-loss-list,https://www.daily-life-hacks.com/best-high-fiber-fruits-for-weight-loss-list/,The Best High Fiber Fruits for Feeling Full,nutrition,2026-03-30,1348,13,5,1,YES,3,3,0,0,,0,0,0,YES,NO,high-protein-high-fiber-meals-for-weight-loss,0.36,NO,NO,NO,KEEP,Freeze: no proven duplicate (best score 0.36); not objectively thin (1348 words < 700; 13 H2s; 1 external citations); no demonstrably superior target (1376 words vs 1348; 3 vs 3 inbound article links; search score 0 vs 0).
best-high-protein-breads-healthy-sandwiches,https://www.daily-life-hacks.com/best-high-protein-breads-healthy-sandwiches/,Best High Protein Breads for Healthy Sandwiches,nutrition,2026-04-28,862,4,4,0,YES,4,3,0,0,,0,0,0,YES,NO,,0.00,NO,NO,NO,KEEP,Freeze: no proven duplicate (best score 0.00); not objectively thin (862 words < 700; 4 H2s; 0 external citations); no demonstrably superior target (none).
best-low-cost-protein-sources-large-families,https://www.daily-life-hacks.com/best-low-cost-protein-sources-large-families/,Best Low Cost Protein Sources for Large Families,nutrition,2026-04-28,1714,9,4,1,YES,6,3,1,85,12.53,0,0,0,NO,NO,low-cost-protein-meal-hacks-families,0.50,NO,NO,NO,KEEP,Freeze: no proven duplicate (best score 0.50); not objectively thin (1714 words < 700; 9 H2s; 1 external citations); has GSC or Bing search/link evidence; no demonstrably superior target (902 words vs 1714; 2 vs 3 inbound article links; search score 0 vs 86).
best-way-to-cook-a-pork-tenderloin,https://www.daily-life-hacks.com/best-way-to-cook-a-pork-tenderloin/,The Best Way to Cook a Pork Tenderloin,recipes,2026-06-03,1841,8,5,0,YES,4,3,0,0,,0,0,0,YES,NO,best-way-to-cook-pork-chops,0.50,NO,NO,NO,KEEP,Freeze: no proven duplicate (best score 0.50); not objectively thin (1841 words < 450; 8 H2s; 0 external citations); no demonstrably superior target (1920 words vs 1841; 4 vs 3 inbound article links; search score 0 vs 0).
best-way-to-cook-baked-potatoes,https://www.daily-life-hacks.com/best-way-to-cook-baked-potatoes/,The Only Way You Should Be Cooking Baked Potatoes,recipes,2026-05-31,996,9,5,0,YES,3,3,0,0,,0,0,0,YES,NO,,0.00,NO,NO,NO,KEEP,Freeze: no proven duplicate (best score 0.00); not objectively thin (996 words < 450; 9 H2s; 0 external citations); no demonstrably superior target (none).
best-way-to-cook-chicken,https://www.daily-life-hacks.com/best-way-to-cook-chicken/,How to Cook Chicken Breast in a Skillet,recipes,2026-05-19,1830,8,5,0,YES,3,7,0,0,,0,0,0,YES,NO,,0.00,NO,NO,NO,KEEP,Freeze: no proven duplicate (best score 0.00); not objectively thin (1830 words < 450; 8 H2s; 0 external citations); no demonstrably superior target (none).
best-way-to-cook-pork-chops,https://www.daily-life-hacks.com/best-way-to-cook-pork-chops/,"The Best Way to Cook Pork Chops, Period",recipes,2026-06-03,1920,8,5,0,YES,3,4,0,0,,0,0,0,YES,NO,best-way-to-cook-a-pork-tenderloin,0.50,NO,NO,NO,KEEP,Freeze: no proven duplicate (best score 0.50); not objectively thin (1920 words < 450; 8 H2s; 0 external citations); no demonstrably superior target (1841 words vs 1920; 3 vs 4 inbound article links; search score 0 vs 0).
best-way-to-cook-prime-rib,https://www.daily-life-hacks.com/best-way-to-cook-prime-rib/,The Best Way to Cook Prime Rib With a Reverse Sear,recipes,2026-05-23,1937,8,5,0,YES,3,3,0,0,,0,0,0,YES,NO,,0.00,NO,NO,NO,KEEP,Freeze: no proven duplicate (best score 0.00); not objectively thin (1937 words < 450; 8 H2s; 0 external citations); no demonstrably superior target (none).
best-way-to-cook-ribs,https://www.daily-life-hacks.com/best-way-to-cook-ribs/,"The Best Way to Cook Ribs, Hands Down",recipes,2026-06-03,897,3,5,0,YES,3,2,0,0,,0,0,0,YES,NO,,0.00,NO,NO,NO,KEEP,Freeze: no proven duplicate (best score 0.00); not objectively thin (897 words < 450; 3 H2s; 0 external citations); no demonstrably superior target (none).
best-way-to-store-avocados-to-stop-browning,https://www.daily-life-hacks.com/best-way-to-store-avocados-to-stop-browning/,How to Store Avocados to Keep Them Fresh,tips,2026-01-26,1148,8,5,0,YES,3,3,0,0,,0,0,0,YES,NO,keep-berries-fresh-longer-when-to-wash,0.27,NO,NO,NO,KEEP,Freeze: no proven duplicate (best score 0.27); not objectively thin (1148 words < 700; 8 H2s; 0 external citations); no demonstrably superior target (815 words vs 1148; 2 vs 3 inbound article links; search score 15 vs 0).
big-flavor-less-salt-citrus-herbs-umami-swaps,https://www.daily-life-hacks.com/big-flavor-less-salt-citrus-herbs-umami-swaps/,"Big Flavor With Less Salt: Citrus, Herbs, and Umami",nutrition,2026-04-16,946,7,5,0,YES,4,5,0,10,8.80,0,0,0,NO,NO,,0.00,NO,NO,NO,KEEP,Freeze: no proven duplicate (best score 0.00); not objectively thin (946 words < 700; 7 H2s; 0 external citations); has GSC or Bing search/link evidence; no demonstrably superior target (none).
black-bean-brownies-hidden-fiber-dessert,https://www.daily-life-hacks.com/black-bean-brownies-hidden-fiber-dessert/,Black Bean Brownies Hidden Fiber Dessert,nutrition,2026-01-19,1429,7,5,0,YES,2,3,0,3,67.00,0,2,0,NO,NO,,0.00,NO,NO,NO,KEEP,Freeze: no proven duplicate (best score 0.00); not objectively thin (1429 words < 700; 7 H2s; 0 external citations); has GSC or Bing search/link evidence; no demonstrably superior target (none).
breakfast-staples-per-dollar,https://www.daily-life-hacks.com/breakfast-staples-per-dollar/,"The Cheapest High-Protein Breakfast Foods, Ranked",nutrition,2026-07-13,1034,5,5,0,YES,13,16,0,0,,0,0,0,YES,YES,animal-protein-per-dollar-ranked,0.45,NO,NO,NO,KEEP,Protected fixed recovery cohort; freeze for the measurement window.
budget-meal-ideas-for-one,https://www.daily-life-hacks.com/budget-meal-ideas-for-one/,Smart Budget Meal Ideas for One,tips,2026-05-30,1764,9,5,0,YES,6,6,0,0,,0,0,0,YES,NO,budget-meal-ideas-philippines,0.50,NO,NO,NO,KEEP,Freeze: no proven duplicate (best score 0.50); not objectively thin (1764 words < 700; 9 H2s; 0 external citations); no demonstrably superior target (1220 words vs 1764; 3 vs 6 inbound article links; search score 1 vs 0).
budget-meal-ideas-philippines,https://www.daily-life-hacks.com/budget-meal-ideas-philippines/,Smart Budget Meal Ideas for Your Filipino Kitchen,tips,2026-05-23,1220,10,5,0,YES,2,3,0,0,,0,1,0,NO,NO,budget-meal-ideas-for-one,0.50,NO,NO,YES,KEEP,Freeze: no proven duplicate (best score 0.50); not objectively thin (1220 words < 700; 10 H2s; 0 external citations); has GSC or Bing search/link evidence.
camping-meal-hacks-large-families,https://www.daily-life-hacks.com/camping-meal-hacks-large-families/,Camping Meal Hacks for Large Families,tips,2026-04-28,959,5,4,0,YES,3,3,0,0,,0,0,0,YES,NO,low-cost-protein-meal-hacks-families,0.38,NO,NO,NO,KEEP,Freeze: no proven duplicate (best score 0.38); not objectively thin (959 words < 700; 5 H2s; 0 external citations); no demonstrably superior target (902 words vs 959; 2 vs 3 inbound article links; search score 0 vs 0).
can-you-eat-rice-and-beans-everyday,https://www.daily-life-hacks.com/can-you-eat-rice-and-beans-everyday/,Can You Eat Rice and Beans Every Day?,nutrition,2026-07-28,977,5,5,1,YES,13,2,0,0,,0,0,0,YES,NO,how-much-rice-and-beans-per-person-per-day,0.33,NO,NO,NO,KEEP,Freeze: no proven duplicate (best score 0.33); not objectively thin (977 words < 700; 5 H2s; 1 external citations); no demonstrably superior target (1014 words vs 977; 5 vs 2 inbound article links; search score 0 vs 0).
can-you-refreeze-frozen-vegetables-after-thawing,https://www.daily-life-hacks.com/can-you-refreeze-frozen-vegetables-after-thawing/,Can You Refreeze Frozen Vegetables After Thawing?,tips,2026-07-28,744,4,5,3,YES,5,3,0,0,,0,0,0,YES,NO,,0.00,NO,NO,NO,KEEP,Freeze: no proven duplicate (best score 0.00); not objectively thin (744 words < 700; 4 H2s; 3 external citations); no demonstrably superior target (none).
canned-beans-vs-dried-beans-nutrition,https://www.daily-life-hacks.com/canned-beans-vs-dried-beans-nutrition/,Canned Beans vs Dried Beans Nutrition,nutrition,2026-07-28,957,5,5,1,YES,7,4,0,0,,0,0,0,YES,NO,,0.00,NO,NO,NO,KEEP,Freeze: no proven duplicate (best score 0.00); not objectively thin (957 words < 700; 5 H2s; 1 external citations); no demonstrably superior target (none).
canned-vs-dry-beans-cost,https://www.daily-life-hacks.com/canned-vs-dry-beans-cost/,Canned vs Dry Beans: How Much More You Pay for Convenience,nutrition,2026-07-13,923,4,5,0,YES,15,26,0,0,,0,3,0,NO,NO,how-much-is-a-can-of-beans,0.30,NO,NO,NO,KEEP,Freeze: no proven duplicate (best score 0.30); not objectively thin (923 words < 700; 4 H2s; 0 external citations); has GSC or Bing search/link evidence; no demonstrably superior target (913 words vs 923; 3 vs 26 inbound article links; search score 0 vs 3).
cauliflower-fried-rice-with-eggs,https://www.daily-life-hacks.com/cauliflower-fried-rice-with-eggs/,Cauliflower Fried Rice With Eggs That Doesn't Taste Sad,recipes,2026-04-17,865,6,5,0,YES,3,4,0,0,,0,0,0,YES,NO,how-to-cool-rice-for-fried-rice,0.30,NO,NO,NO,KEEP,Freeze: no proven duplicate (best score 0.30); not objectively thin (865 words < 450; 6 H2s; 0 external citations); no demonstrably superior target (931 words vs 865; 4 vs 4 inbound article links; search score 1 vs 0).
cheap-chicken-casserole-meals-large-families,https://www.daily-life-hacks.com/cheap-chicken-casserole-meals-large-families/,Cheap Chicken Casserole Meals for Large Families,recipes,2026-04-28,1209,10,5,0,YES,2,2,0,0,,0,0,0,YES,NO,cheap-crockpot-meals-large-families,0.57,NO,NO,NO,KEEP,Freeze: no proven duplicate (best score 0.57); not objectively thin (1209 words < 450; 10 H2s; 0 external citations); no demonstrably superior target (923 words vs 1209; 4 vs 2 inbound article links; search score 28 vs 0).
cheap-crockpot-meals-large-families,https://www.daily-life-hacks.com/cheap-crockpot-meals-large-families/,Cheap Crockpot Meals for Large Families,recipes,2026-04-28,923,4,4,0,YES,4,4,0,28,47.18,0,0,0,NO,NO,cheap-chicken-casserole-meals-large-families,0.57,NO,NO,NO,KEEP,Freeze: no proven duplicate (best score 0.57); not objectively thin (923 words < 450; 4 H2s; 0 external citations); has GSC or Bing search/link evidence; no demonstrably superior target (1209 words vs 923; 2 vs 4 inbound article links; search score 0 vs 28).
cheap-dinner-ideas-cost-per-serving,https://www.daily-life-hacks.com/cheap-dinner-ideas-cost-per-serving/,Cheap Dinner Ideas: What Each One Costs,tips,2026-07-28,1098,5,5,0,YES,11,7,0,0,,0,0,0,YES,NO,cheap-lunch-ideas-cost-per-box,0.33,NO,NO,NO,KEEP,Freeze: no proven duplicate (best score 0.33); not objectively thin (1098 words < 700; 5 H2s; 0 external citations); no demonstrably superior target (1003 words vs 1098; 4 vs 7 inbound article links; search score 0 vs 0).
cheap-dinner-ideas-for-a-family-of-4,https://www.daily-life-hacks.com/cheap-dinner-ideas-for-a-family-of-4/,Cheap Dinner Ideas for a Family of 4,tips,2026-07-28,1059,5,5,0,YES,11,2,0,0,,0,0,0,YES,NO,quick-dinner-recipes-for-family,0.38,NO,NO,NO,KEEP,Freeze: no proven duplicate (best score 0.38); not objectively thin (1059 words < 700; 5 H2s; 0 external citations); no demonstrably superior target (769 words vs 1059; 2 vs 2 inbound article links; search score 0 vs 0).
cheap-ground-beef-meals-large-families,https://www.daily-life-hacks.com/cheap-ground-beef-meals-large-families/,Cheap Ground Beef Meals for Large Families,recipes,2026-04-28,900,4,4,0,YES,4,4,0,0,,0,0,0,YES,NO,cheap-crockpot-meals-large-families,0.57,NO,NO,NO,KEEP,Freeze: no proven duplicate (best score 0.57); not objectively thin (900 words < 450; 4 H2s; 0 external citations); no demonstrably superior target (923 words vs 900; 4 vs 4 inbound article links; search score 28 vs 0).
cheap-healthy-meals-for-college-students,https://www.daily-life-hacks.com/cheap-healthy-meals-for-college-students/,Cheap Healthy Meals for College Students,tips,2026-07-28,1011,5,5,0,YES,8,2,0,0,,0,0,0,YES,NO,,0.00,NO,NO,NO,KEEP,Freeze: no proven duplicate (best score 0.00); not objectively thin (1011 words < 700; 5 H2s; 0 external citations); no demonstrably superior target (none).
cheap-healthy-meals-for-two,https://www.daily-life-hacks.com/cheap-healthy-meals-for-two/,Cheap Healthy Meals for Two,tips,2026-07-28,1008,5,5,0,YES,10,2,0,0,,0,0,0,YES,NO,,0.00,NO,NO,NO,KEEP,Freeze: no proven duplicate (best score 0.00); not objectively thin (1008 words < 700; 5 H2s; 0 external citations); no demonstrably superior target (none).
cheap-healthy-meals-with-leftovers,https://www.daily-life-hacks.com/cheap-healthy-meals-with-leftovers/,Cheap Healthy Meals With Leftovers,tips,2026-07-28,1032,5,5,0,YES,11,4,0,0,,0,0,0,YES,NO,,0.00,NO,NO,NO,KEEP,Freeze: no proven duplicate (best score 0.00); not objectively thin (1032 words < 700; 5 H2s; 0 external citations); no demonstrably superior target (none).
cheap-lunch-ideas-cost-per-box,https://www.daily-life-hacks.com/cheap-lunch-ideas-cost-per-box/,Cheap Lunch Ideas and What They Cost,tips,2026-07-28,1003,5,5,0,YES,8,4,0,0,,0,0,0,YES,NO,cheap-dinner-ideas-cost-per-serving,0.33,NO,NO,NO,KEEP,Freeze: no proven duplicate (best score 0.33); not objectively thin (1003 words < 700; 5 H2s; 0 external citations); no demonstrably superior target (1098 words vs 1003; 7 vs 4 inbound article links; search score 0 vs 0).
cheapest-complete-protein-pairs,https://www.daily-life-hacks.com/cheapest-complete-protein-pairs/,The Cheapest Complete Protein: Rice and Beans Math,nutrition,2026-07-13,991,4,5,0,YES,12,14,0,0,,0,0,0,YES,YES,beans-and-rice-complete-protein-meal,0.38,NO,NO,NO,KEEP,Protected fixed recovery cohort; freeze for the measurement window.
chia-pudding-variations-for-breakfast,https://www.daily-life-hacks.com/chia-pudding-variations-for-breakfast/,Is Chia Seed Pudding Enough for Breakfast,nutrition,2026-02-23,1220,12,5,0,YES,2,3,0,10,11.00,0,0,0,NO,NO,savory-chia-seed-recipes-breakfast,0.38,NO,NO,NO,KEEP,Freeze: no proven duplicate (best score 0.38); not objectively thin (1220 words < 700; 12 H2s; 0 external citations); has GSC or Bing search/link evidence; no demonstrably superior target (854 words vs 1220; 3 vs 3 inbound article links; search score 37 vs 10).
chicken-thighs-vs-breast-protein-cost,https://www.daily-life-hacks.com/chicken-thighs-vs-breast-protein-cost/,Chicken Thighs vs Breast: Which Is Cheaper Protein?,nutrition,2026-07-26,766,4,5,0,YES,7,13,0,0,,0,0,0,YES,NO,lentils-vs-chicken-breast-protein-cost,0.75,NO,NO,NO,KEEP,Freeze: no proven duplicate (best score 0.75); not objectively thin (766 words < 700; 4 H2s; 0 external citations); no demonstrably superior target (805 words vs 766; 5 vs 13 inbound article links; search score 0 vs 0).
chicken-veggie-lettuce-wraps-peanut-sauce,https://www.daily-life-hacks.com/chicken-veggie-lettuce-wraps-peanut-sauce/,Chicken and Veggie Lettuce Wraps With Quick Peanut Sauce,recipes,2026-04-17,1033,7,5,0,YES,5,4,0,0,,0,0,0,YES,NO,,0.00,NO,NO,NO,KEEP,Freeze: no proven duplicate (best score 0.00); not objectively thin (1033 words < 450; 7 H2s; 0 external citations); no demonstrably superior target (none).
comparing-fiber-content-different-pizza-crusts,https://www.daily-life-hacks.com/comparing-fiber-content-different-pizza-crusts/,How Much Fiber Is in Pizza Crust? Every Crust Type Compared,nutrition,2026-04-28,1142,7,5,0,YES,4,3,0,87,7.05,0,4,0,NO,NO,high-fiber-pizza-crust-cauliflower,0.19,NO,NO,NO,KEEP,Freeze: no proven duplicate (best score 0.19); not objectively thin (1142 words < 700; 7 H2s; 0 external citations); has GSC or Bing search/link evidence; no demonstrably superior target (2645 words vs 1142; 3 vs 3 inbound article links; search score 28 vs 91).
cooking-for-picky-adults-simple-options,https://www.daily-life-hacks.com/cooking-for-picky-adults-simple-options/,What to Eat When You're Cooking for a Non-Adventurous Eater,nutrition,2026-04-18,869,5,5,0,YES,4,3,0,1,76.00,0,0,0,NO,NO,,0.00,NO,NO,NO,KEEP,Freeze: no proven duplicate (best score 0.00); not objectively thin (869 words < 700; 5 H2s; 0 external citations); has GSC or Bing search/link evidence; no demonstrably superior target (none).
cooking-oils-smoke-points-best-uses,https://www.daily-life-hacks.com/cooking-oils-smoke-points-best-uses/,Cooking Oil Smoke Points and Best Uses,nutrition,2026-04-19,800,5,5,0,YES,3,4,0,167,75.20,0,0,0,NO,NO,,0.00,NO,NO,NO,KEEP,Freeze: no proven duplicate (best score 0.00); not objectively thin (800 words < 700; 5 H2s; 0 external citations); has GSC or Bing search/link evidence; no demonstrably superior target (none).
costco-rotisserie-chicken-meal-ideas-dinner,https://www.daily-life-hacks.com/costco-rotisserie-chicken-meal-ideas-dinner/,5 Quick Costco Rotisserie Chicken Meal Ideas for Busy Nights,recipes,2026-04-28,892,5,4,0,YES,3,5,0,12,29.75,0,2,0,NO,NO,quick-dinner-recipes-for-family,0.23,NO,NO,NO,KEEP,Freeze: no proven duplicate (best score 0.23); not objectively thin (892 words < 450; 5 H2s; 0 external citations); has GSC or Bing search/link evidence; no demonstrably superior target (769 words vs 892; 2 vs 5 inbound article links; search score 0 vs 14).
cottage-cheese-vs-greek-yogurt-protein-uses,https://www.daily-life-hacks.com/cottage-cheese-vs-greek-yogurt-protein-uses/,Cottage Cheese vs Greek Yogurt: Protein and Uses,nutrition,2026-04-20,963,6,5,0,YES,3,4,0,0,,0,4,0,NO,NO,eggs-vs-greek-yogurt-protein-cost,0.30,NO,NO,NO,KEEP,Freeze: no proven duplicate (best score 0.30); not objectively thin (963 words < 700; 6 H2s; 0 external citations); has GSC or Bing search/link evidence; no demonstrably superior target (881 words vs 963; 20 vs 4 inbound article links; search score 0 vs 4).
creamy-mushroom-barley-risotto-hands-off,https://www.daily-life-hacks.com/creamy-mushroom-barley-risotto-hands-off/,Creamy Mushroom Barley Risotto: Mostly Hands-Off,recipes,2026-04-21,923,6,5,0,YES,3,7,0,0,,0,0,0,YES,NO,,0.00,NO,NO,NO,KEEP,Freeze: no proven duplicate (best score 0.00); not objectively thin (923 words < 450; 6 H2s; 0 external citations); no demonstrably superior target (none).
creamy-tomato-orzo-white-beans-one-pot,https://www.daily-life-hacks.com/creamy-tomato-orzo-white-beans-one-pot/,Creamy Tomato Orzo With White Beans (One Pot),recipes,2026-04-21,925,6,5,0,YES,3,4,0,0,,0,0,0,YES,NO,,0.00,NO,NO,NO,KEEP,Freeze: no proven duplicate (best score 0.00); not objectively thin (925 words < 450; 6 H2s; 0 external citations); no demonstrably superior target (none).
crispy-roasted-chickpeas-high-fiber-snack,https://www.daily-life-hacks.com/crispy-roasted-chickpeas-high-fiber-snack/,Crispy Roasted Chickpeas: A High Fiber Snack,recipes,2026-03-30,908,8,5,0,YES,4,11,0,0,,0,0,0,YES,NO,high-fiber-pizza-crust-cauliflower,0.27,NO,NO,YES,KEEP,Freeze: no proven duplicate (best score 0.27); not objectively thin (908 words < 450; 8 H2s; 0 external citations).
crispy-smashed-potato-salad-dijon-herbs,https://www.daily-life-hacks.com/crispy-smashed-potato-salad-dijon-herbs/,Crispy Smashed Potato Salad With Dijon and Herbs,recipes,2026-04-22,878,6,5,0,YES,3,3,0,0,,0,0,0,YES,NO,,0.00,NO,NO,NO,KEEP,Freeze: no proven duplicate (best score 0.00); not objectively thin (878 words < 450; 6 H2s; 0 external citations); no demonstrably superior target (none).
cucumber-edamame-salad-sesame,https://www.daily-life-hacks.com/cucumber-edamame-salad-sesame/,Japanese-Inspired Cucumber and Edamame Salad With Sesame,recipes,2026-04-22,808,5,5,0,YES,3,8,0,1,91.00,0,0,0,NO,NO,,0.00,NO,NO,NO,KEEP,Freeze: no proven duplicate (best score 0.00); not objectively thin (808 words < 450; 5 H2s; 0 external citations); has GSC or Bing search/link evidence; no demonstrably superior target (none).
cutting-board-basics-which-to-use,https://www.daily-life-hacks.com/cutting-board-basics-which-to-use/,Cutting Board Basics: Which One to Use for What,tips,2026-04-23,918,6,5,0,YES,3,2,0,2,37.50,0,0,0,NO,NO,,0.00,NO,NO,NO,KEEP,Freeze: no proven duplicate (best score 0.00); not objectively thin (918 words < 700; 6 H2s; 0 external citations); has GSC or Bing search/link evidence; no demonstrably superior target (none).
dairy-protein-per-dollar-ranked,https://www.daily-life-hacks.com/dairy-protein-per-dollar-ranked/,The Cheapest Dairy Protein: Milk Beats Greek Yogurt,nutrition,2026-07-13,810,4,5,0,YES,12,7,0,0,,0,0,0,YES,YES,protein-per-dollar-cheapest-protein-sources,0.45,NO,NO,YES,KEEP,Protected fixed recovery cohort; freeze for the measurement window.
do-you-have-to-cook-canned-beans,https://www.daily-life-hacks.com/do-you-have-to-cook-canned-beans/,Do You Have to Cook Canned Beans?,tips,2026-07-28,909,5,5,2,YES,9,4,0,0,,0,0,0,YES,NO,,0.00,NO,NO,NO,KEEP,Freeze: no proven duplicate (best score 0.00); not objectively thin (909 words < 700; 5 H2s; 2 external citations); no demonstrably superior target (none).
do-you-have-to-cook-frozen-vegetables,https://www.daily-life-hacks.com/do-you-have-to-cook-frozen-vegetables/,Do You Have to Cook Frozen Vegetables?,tips,2026-07-28,767,4,5,5,YES,6,2,0,0,,0,0,0,YES,NO,how-to-cook-frozen-vegetables-without-the-mush,0.60,NO,NO,NO,KEEP,Freeze: no proven duplicate (best score 0.60); not objectively thin (767 words < 700; 4 H2s; 5 external citations); no demonstrably superior target (778 words vs 767; 3 vs 2 inbound article links; search score 0 vs 0).
does-leftover-pizza-need-to-be-refrigerated,https://www.daily-life-hacks.com/does-leftover-pizza-need-to-be-refrigerated/,Does Leftover Pizza Need to Be Refrigerated?,tips,2026-07-28,723,4,5,8,YES,3,2,0,0,,0,0,0,YES,NO,,0.00,NO,NO,NO,KEEP,Freeze: no proven duplicate (best score 0.00); not objectively thin (723 words < 700; 4 H2s; 8 external citations); no demonstrably superior target (none).
easy-black-bean-tacos-weeknight-dinner,https://www.daily-life-hacks.com/easy-black-bean-tacos-weeknight-dinner/,Easy Black Bean Tacos for a Weeknight Dinner,recipes,2026-03-15,1008,7,5,0,YES,4,21,0,0,,0,0,0,YES,NO,,0.00,NO,NO,NO,KEEP,Freeze: no proven duplicate (best score 0.00); not objectively thin (1008 words < 450; 7 H2s; 0 external citations); no demonstrably superior target (none).
easy-cheap-healthy-meals,https://www.daily-life-hacks.com/easy-cheap-healthy-meals/,Easy Cheap Healthy Meals: The Plate Rule,tips,2026-07-28,1014,5,5,0,YES,9,3,0,0,,0,0,0,YES,NO,,0.00,NO,NO,NO,KEEP,Freeze: no proven duplicate (best score 0.00); not objectively thin (1014 words < 700; 5 H2s; 0 external citations); no demonstrably superior target (none).
easy-cold-summer-pasta-salad-potlucks,https://www.daily-life-hacks.com/easy-cold-summer-pasta-salad-potlucks/,Easy Cold Summer Pasta Salad for Potlucks,recipes,2026-04-28,923,6,4,0,YES,4,3,0,1,88.00,0,0,0,NO,NO,how-to-pack-cold-pasta-salad-picnics,0.43,NO,NO,NO,KEEP,Freeze: no proven duplicate (best score 0.43); not objectively thin (923 words < 450; 6 H2s; 0 external citations); has GSC or Bing search/link evidence; no demonstrably superior target (979 words vs 923; 5 vs 3 inbound article links; search score 0 vs 1).
easy-high-fiber-breakfast-ideas-for-gut-health,https://www.daily-life-hacks.com/easy-high-fiber-breakfast-ideas-for-gut-health/,Easy High Fiber Breakfast Ideas for Gut Health,nutrition,2026-02-15,1519,9,5,0,YES,4,3,0,0,,0,0,0,YES,NO,gut-friendly-high-fiber-smoothies-for-daily-wellness,0.40,NO,NO,NO,KEEP,Freeze: no proven duplicate (best score 0.40); not objectively thin (1519 words < 700; 9 H2s; 0 external citations); no demonstrably superior target (868 words vs 1519; 5 vs 3 inbound article links; search score 5 vs 0).
easy-one-pot-chicken-and-rice-dinner,https://www.daily-life-hacks.com/easy-one-pot-chicken-and-rice-dinner/,Easy One-Pot Chicken and Rice Dinner,recipes,2026-03-15,1116,7,5,0,YES,4,8,0,3,90.67,0,0,0,NO,NO,,0.00,NO,NO,NO,KEEP,Freeze: no proven duplicate (best score 0.00); not objectively thin (1116 words < 450; 7 H2s; 0 external citations); has GSC or Bing search/link evidence; no demonstrably superior target (none).
easy-sandwich-bread-recipe-beginners,https://www.daily-life-hacks.com/easy-sandwich-bread-recipe-beginners/,Easy Sandwich Bread Recipe for Beginners,recipes,2026-04-28,1407,9,4,0,YES,3,8,0,0,,0,0,0,YES,NO,,0.00,NO,NO,NO,KEEP,Freeze: no proven duplicate (best score 0.00); not objectively thin (1407 words < 450; 9 H2s; 0 external citations); no demonstrably superior target (none).
easy-sourdough-discard-pizza-dough-no-yeast,https://www.daily-life-hacks.com/easy-sourdough-discard-pizza-dough-no-yeast/,Easy Sourdough Discard Pizza Dough Recipe No Yeast,recipes,2026-04-28,853,6,4,0,YES,3,3,0,0,,0,0,0,YES,NO,gluten-free-sourdough-discard-pizza-dough,0.50,NO,NO,NO,KEEP,Freeze: no proven duplicate (best score 0.50); not objectively thin (853 words < 450; 6 H2s; 0 external citations); no demonstrably superior target (768 words vs 853; 3 vs 3 inbound article links; search score 8 vs 0).
easy-sourdough-discard-recipes-beginners,https://www.daily-life-hacks.com/easy-sourdough-discard-recipes-beginners/,Easy Sourdough Discard Recipes for Beginners,recipes,2026-04-28,908,5,4,0,YES,3,3,0,10,80.30,0,0,0,NO,NO,,0.00,NO,NO,NO,KEEP,Freeze: no proven duplicate (best score 0.00); not objectively thin (908 words < 450; 5 H2s; 0 external citations); has GSC or Bing search/link evidence; no demonstrably superior target (none).
easy-weeknight-fish-tacos-with-cabbage-slaw,https://www.daily-life-hacks.com/easy-weeknight-fish-tacos-with-cabbage-slaw/,Easy Weeknight Fish Tacos with Cabbage Slaw,recipes,2026-06-26,2068,9,5,0,YES,3,4,0,0,,0,0,0,YES,NO,,0.00,NO,NO,NO,KEEP,Freeze: no proven duplicate (best score 0.00); not objectively thin (2068 words < 450; 9 H2s; 0 external citations); no demonstrably superior target (none).
eat-healthy-on-a-budget-complete-playbook,https://www.daily-life-hacks.com/eat-healthy-on-a-budget-complete-playbook/,How to Eat Healthy on a Budget: The Complete Playbook,tips,2026-07-07,2911,6,5,0,YES,33,23,0,0,,0,0,0,YES,NO,,0.00,NO,NO,NO,KEEP,Freeze: no proven duplicate (best score 0.00); not objectively thin (2911 words < 700; 6 H2s; 0 external citations); no demonstrably superior target (none).
eggs-vs-everything-protein-value,https://www.daily-life-hacks.com/eggs-vs-everything-protein-value/,Are Eggs the Cheapest Protein? We Ranked 49 Foods,nutrition,2026-07-13,956,4,5,0,YES,12,8,0,0,,0,0,0,YES,YES,animal-protein-per-dollar-ranked,0.36,NO,NO,NO,KEEP,Protected fixed recovery cohort; freeze for the measurement window.
eggs-vs-greek-yogurt-protein-cost,https://www.daily-life-hacks.com/eggs-vs-greek-yogurt-protein-cost/,Eggs vs Greek Yogurt: Which Is Cheaper Protein?,nutrition,2026-07-26,881,4,5,0,YES,10,20,0,0,,0,0,0,YES,NO,tofu-vs-chicken-protein-cost,0.44,NO,NO,NO,KEEP,Freeze: no proven duplicate (best score 0.44); not objectively thin (881 words < 700; 4 H2s; 0 external citations); no demonstrably superior target (749 words vs 881; 8 vs 20 inbound article links; search score 0 vs 0).
farro-lunch-bowl-roasted-vegetables-lemon-tahini,https://www.daily-life-hacks.com/farro-lunch-bowl-roasted-vegetables-lemon-tahini/,Farro Lunch Bowl With Roasted Vegetables and Lemon Tahini,recipes,2026-04-23,908,8,5,0,YES,3,4,0,0,,0,0,0,YES,NO,,0.00,NO,NO,NO,KEEP,Freeze: no proven duplicate (best score 0.00); not objectively thin (908 words < 450; 8 H2s; 0 external citations); no demonstrably superior target (none).
fast-food-protein-per-dollar-ranked,https://www.daily-life-hacks.com/fast-food-protein-per-dollar-ranked/,Fast Food Protein per Dollar: The Best Deals Ranked,nutrition,2026-07-16,1237,5,5,1,YES,11,10,0,0,,0,0,0,YES,YES,protein-per-dollar-cheapest-protein-sources,0.44,NO,NO,YES,KEEP,Protected fixed recovery cohort; freeze for the measurement window.
fiber-per-dollar-cheapest-high-fiber-foods,https://www.daily-life-hacks.com/fiber-per-dollar-cheapest-high-fiber-foods/,"Fiber per Dollar: The Cheapest High-Fiber Foods, Ranked",nutrition,2026-07-04,2333,6,5,3,YES,19,51,0,0,,0,0,0,YES,YES,grains-fiber-per-dollar-ranked,0.55,NO,NO,NO,KEEP,Protected fixed recovery cohort; freeze for the measurement window.
fiber-protein-daily-values-explained,https://www.daily-life-hacks.com/fiber-protein-daily-values-explained/,Where the 28g Fiber and 50g Protein Targets Come From,nutrition,2026-07-14,1194,6,5,5,YES,11,12,0,0,,0,0,0,YES,YES,,0.00,NO,NO,NO,KEEP,Protected fixed recovery cohort; freeze for the measurement window.
fiber-rich-soup-for-weight-loss-cabbage,https://www.daily-life-hacks.com/fiber-rich-soup-for-weight-loss-cabbage/,Fiber Rich Soup for Weight Loss Cabbage,recipes,2026-02-13,1363,7,5,0,YES,4,3,0,5,6.60,0,0,0,NO,NO,high-protein-high-fiber-meals-for-weight-loss,0.30,NO,NO,NO,KEEP,Freeze: no proven duplicate (best score 0.30); not objectively thin (1363 words < 450; 7 H2s; 0 external citations); has GSC or Bing search/link evidence; no demonstrably superior target (1376 words vs 1363; 3 vs 3 inbound article links; search score 0 vs 5).
fix-oversalted-soup-sauce-rice,https://www.daily-life-hacks.com/fix-oversalted-soup-sauce-rice/,"How to Fix Oversalted Soup, Sauce, and Rice",tips,2026-04-24,844,5,5,0,YES,3,3,0,0,,0,0,0,YES,NO,,0.00,NO,NO,NO,KEEP,Freeze: no proven duplicate (best score 0.00); not objectively thin (844 words < 700; 5 H2s; 0 external citations); no demonstrably superior target (none).
food-prep-guide-blog-recipes,https://www.daily-life-hacks.com/food-prep-guide-blog-recipes/,Sheet-Pan Chicken and Vegetables for Meal Prep,recipes,2026-06-03,876,3,5,0,YES,3,2,0,0,,0,0,0,YES,NO,food-prep-guide-recipes,0.50,NO,NO,NO,KEEP,Freeze: no proven duplicate (best score 0.50); not objectively thin (876 words < 450; 3 H2s; 0 external citations); no demonstrably superior target (912 words vs 876; 2 vs 2 inbound article links; search score 0 vs 0).
food-prep-guide-recipes,https://www.daily-life-hacks.com/food-prep-guide-recipes/,Chicken and Quinoa Meal Prep Bowls,recipes,2026-06-03,912,4,5,0,YES,3,2,0,0,,0,0,0,YES,NO,food-prep-guide-blog-recipes,0.50,NO,NO,NO,KEEP,Freeze: no proven duplicate (best score 0.50); not objectively thin (912 words < 450; 4 H2s; 0 external citations); no demonstrably superior target (876 words vs 912; 2 vs 2 inbound article links; search score 0 vs 0).
food-prep-tips-to-save-time,https://www.daily-life-hacks.com/food-prep-tips-to-save-time/,6 Food Prep Tips to Save Time During the Week,tips,2026-06-02,842,8,5,0,YES,3,2,0,0,,0,0,0,YES,NO,,0.00,NO,NO,NO,KEEP,Freeze: no proven duplicate (best score 0.00); not objectively thin (842 words < 700; 8 H2s; 0 external citations); no demonstrably superior target (none).
food-storage-temperature-rules,https://www.daily-life-hacks.com/food-storage-temperature-rules/,"Food Storage Temperature: 40F, 0F, and the 2-Hour Rule",tips,2026-07-28,833,5,5,8,YES,4,4,0,0,,0,0,0,YES,NO,,0.00,NO,NO,NO,KEEP,Freeze: no proven duplicate (best score 0.00); not objectively thin (833 words < 700; 5 H2s; 8 external citations); no demonstrably superior target (none).
foods-highest-in-protein-per-100-grams,https://www.daily-life-hacks.com/foods-highest-in-protein-per-100-grams/,"Foods Highest in Protein per 100 Grams, Ranked",nutrition,2026-07-28,989,5,5,0,YES,10,2,0,0,,0,0,0,YES,NO,animal-protein-per-dollar-ranked,0.36,NO,NO,NO,KEEP,Freeze: no proven duplicate (best score 0.36); not objectively thin (989 words < 700; 5 H2s; 0 external citations); no demonstrably superior target (955 words vs 989; 10 vs 2 inbound article links; search score 1 vs 0).
freezer-inventory-simple-system,https://www.daily-life-hacks.com/freezer-inventory-simple-system/,A Simple Freezer Inventory That Stops Mystery Bags,tips,2026-04-24,994,6,5,0,YES,3,6,0,5,3.00,0,0,0,NO,NO,,0.00,NO,NO,NO,KEEP,Freeze: no proven duplicate (best score 0.00); not objectively thin (994 words < 700; 6 H2s; 0 external citations); has GSC or Bing search/link evidence; no demonstrably superior target (none).
freezer-meal-prep-ideas-for-beginners,https://www.daily-life-hacks.com/freezer-meal-prep-ideas-for-beginners/,Easy Meal Prep Ideas to Freeze,tips,2026-01-30,962,5,5,0,YES,4,6,0,0,,0,0,0,YES,NO,meal-prep-for-beginners-complete-system,0.43,NO,NO,YES,KEEP,Freeze: no proven duplicate (best score 0.43); not objectively thin (962 words < 700; 5 H2s; 0 external citations).
freezer-organization-tips-large-family-meals,https://www.daily-life-hacks.com/freezer-organization-tips-large-family-meals/,Freezer Organization Tips for Large Family Meals,tips,2026-04-28,1112,5,4,5,YES,5,2,0,1,4.00,0,0,0,NO,NO,aldi-shopping-hacks-large-family-meals,0.33,NO,NO,NO,KEEP,Freeze: no proven duplicate (best score 0.33); not objectively thin (1112 words < 700; 5 H2s; 5 external citations); has GSC or Bing search/link evidence; no demonstrably superior target (925 words vs 1112; 3 vs 2 inbound article links; search score 6 vs 1).
frozen-vs-fresh-produce-when-to-buy,https://www.daily-life-hacks.com/frozen-vs-fresh-produce-when-to-buy/,Frozen vs Fresh Produce: When Each Makes More Sense,nutrition,2026-04-25,893,5,5,0,YES,4,9,0,0,,0,0,0,YES,NO,,0.00,NO,NO,NO,KEEP,Freeze: no proven duplicate (best score 0.00); not objectively thin (893 words < 700; 5 H2s; 0 external citations); no demonstrably superior target (none).
frozen-vs-fresh-vegetables-fiber-cost,https://www.daily-life-hacks.com/frozen-vs-fresh-vegetables-fiber-cost/,Frozen vs Fresh Vegetables: Fiber Per Dollar Compared,nutrition,2026-07-26,850,4,5,0,YES,7,33,0,0,,0,0,0,YES,NO,grains-fiber-per-dollar-ranked,0.31,NO,NO,NO,KEEP,Freeze: no proven duplicate (best score 0.31); not objectively thin (850 words < 700; 4 H2s; 0 external citations); no demonstrably superior target (1027 words vs 850; 6 vs 33 inbound article links; search score 0 vs 0).
gluten-free-sourdough-discard-pizza-dough,https://www.daily-life-hacks.com/gluten-free-sourdough-discard-pizza-dough/,Gluten Free Sourdough Discard Pizza Dough,recipes,2026-04-28,768,4,4,0,YES,3,3,0,4,10.00,0,4,0,NO,NO,easy-sourdough-discard-pizza-dough-no-yeast,0.50,NO,NO,NO,KEEP,Freeze: no proven duplicate (best score 0.50); not objectively thin (768 words < 450; 4 H2s; 0 external citations); has GSC or Bing search/link evidence; no demonstrably superior target (853 words vs 768; 3 vs 3 inbound article links; search score 0 vs 8).
good-source-of-fiber-label-meaning,https://www.daily-life-hacks.com/good-source-of-fiber-label-meaning/,What 'Good Source of Fiber' Means on Food Labels,nutrition,2026-04-25,1150,5,5,8,YES,8,4,0,79,7.39,0,4,0,NO,NO,,0.00,NO,NO,NO,KEEP,Freeze: no proven duplicate (best score 0.00); not objectively thin (1150 words < 700; 5 H2s; 8 external citations); has GSC or Bing search/link evidence; no demonstrably superior target (none).
grab-and-go-fridge-snack-drawer,https://www.daily-life-hacks.com/grab-and-go-fridge-snack-drawer/,How to Make a Grab-and-Go Snack Drawer in Your Fridge,tips,2026-04-26,910,4,5,0,YES,4,2,0,1,44.00,0,0,0,NO,NO,,0.00,NO,NO,NO,KEEP,Freeze: no proven duplicate (best score 0.00); not objectively thin (910 words < 700; 4 H2s; 0 external citations); has GSC or Bing search/link evidence; no demonstrably superior target (none).
grains-fiber-per-dollar-ranked,https://www.daily-life-hacks.com/grains-fiber-per-dollar-ranked/,"The Cheapest High-Fiber Grains, Ranked by Real Cost",nutrition,2026-07-13,1027,4,5,0,YES,12,6,0,0,,0,0,0,YES,YES,fiber-per-dollar-cheapest-high-fiber-foods,0.55,NO,NO,YES,KEEP,Protected fixed recovery cohort; freeze for the measurement window.
grocery-budget-for-one-person-per-month,https://www.daily-life-hacks.com/grocery-budget-for-one-person-per-month/,Grocery Budget for One Person per Month,tips,2026-07-27,1026,5,5,1,YES,10,6,0,0,,0,0,0,YES,NO,how-to-grocery-shop-for-a-month-on-a-budget,0.43,NO,NO,NO,KEEP,Freeze: no proven duplicate (best score 0.43); not objectively thin (1026 words < 700; 5 H2s; 1 external citations); no demonstrably superior target (1086 words vs 1026; 5 vs 6 inbound article links; search score 0 vs 0).
grocery-shopping-list-for-healthy-eating-on-a-budget,https://www.daily-life-hacks.com/grocery-shopping-list-for-healthy-eating-on-a-budget/,Grocery Shopping List for Healthy Eating on a Budget,tips,2026-02-20,1256,9,5,0,YES,6,5,0,0,,0,0,0,YES,NO,,0.00,NO,NO,NO,KEEP,Freeze: no proven duplicate (best score 0.00); not objectively thin (1256 words < 700; 9 H2s; 0 external citations); no demonstrably superior target (none).
ground-beef-vs-beans-protein-cost,https://www.daily-life-hacks.com/ground-beef-vs-beans-protein-cost/,Ground Beef vs Beans: Which Is Cheaper Protein?,nutrition,2026-07-26,784,4,5,0,YES,6,28,0,0,,0,0,0,YES,NO,tofu-vs-chicken-protein-cost,0.44,NO,NO,NO,KEEP,Freeze: no proven duplicate (best score 0.44); not objectively thin (784 words < 700; 4 H2s; 0 external citations); no demonstrably superior target (749 words vs 784; 8 vs 28 inbound article links; search score 0 vs 0).
gut-friendly-high-fiber-smoothies-for-daily-wellness,https://www.daily-life-hacks.com/gut-friendly-high-fiber-smoothies-for-daily-wellness/,High Fiber Smoothies for Gut Health,nutrition,2026-03-30,868,12,5,0,YES,3,5,0,5,41.80,0,0,0,NO,NO,easy-high-fiber-breakfast-ideas-for-gut-health,0.40,NO,NO,NO,KEEP,Freeze: no proven duplicate (best score 0.40); not objectively thin (868 words < 700; 12 H2s; 0 external citations); has GSC or Bing search/link evidence; no demonstrably superior target (1519 words vs 868; 3 vs 5 inbound article links; search score 0 vs 5).
gut-health-tea-peppermint-ginger,https://www.daily-life-hacks.com/gut-health-tea-peppermint-ginger/,Peppermint Ginger Tea: A Better 10-Minute Brew,nutrition,2026-02-28,2055,7,5,2,YES,5,2,0,74,12.89,0,3,0,NO,NO,,0.00,NO,NO,NO,KEEP,Freeze: no proven duplicate (best score 0.00); not objectively thin (2055 words < 700; 7 H2s; 2 external citations); has GSC or Bing search/link evidence; no demonstrably superior target (none).
health-benefits-eating-soup-in-spring,https://www.daily-life-hacks.com/health-benefits-eating-soup-in-spring/,Why You Should Keep Making Soup Well Into Spring,nutrition,2026-04-28,824,4,4,0,YES,3,3,0,0,,0,0,0,YES,NO,,0.00,NO,NO,NO,KEEP,Freeze: no proven duplicate (best score 0.00); not objectively thin (824 words < 700; 4 H2s; 0 external citations); no demonstrably superior target (none).
healthy-alternatives-potato-chips-snacking,https://www.daily-life-hacks.com/healthy-alternatives-potato-chips-snacking/,Healthy Alternatives to Potato Chips for Snacking,nutrition,2026-04-28,932,5,4,0,YES,4,3,0,106,71.22,0,0,0,NO,NO,,0.00,NO,NO,NO,KEEP,Freeze: no proven duplicate (best score 0.00); not objectively thin (932 words < 700; 5 H2s; 0 external citations); has GSC or Bing search/link evidence; no demonstrably superior target (none).
healthy-alternatives-white-rice-dinner,https://www.daily-life-hacks.com/healthy-alternatives-white-rice-dinner/,6 Healthy Alternatives to White Rice for Quick Dinners,nutrition,2026-04-28,965,6,4,0,YES,3,4,0,0,,0,2,0,NO,NO,,0.00,NO,NO,NO,KEEP,Freeze: no proven duplicate (best score 0.00); not objectively thin (965 words < 700; 6 H2s; 0 external citations); has GSC or Bing search/link evidence; no demonstrably superior target (none).
healthy-blue-collar-lunch-ideas-men,https://www.daily-life-hacks.com/healthy-blue-collar-lunch-ideas-men/,Healthy Blue Collar Lunch Ideas That Fill You Up,recipes,2026-04-28,784,4,4,0,YES,3,3,0,0,,0,6,0,NO,NO,,0.00,NO,NO,NO,KEEP,Freeze: no proven duplicate (best score 0.00); not objectively thin (784 words < 450; 4 H2s; 0 external citations); has GSC or Bing search/link evidence; no demonstrably superior target (none).
healthy-egg-sandwich-add-ins-toppings,https://www.daily-life-hacks.com/healthy-egg-sandwich-add-ins-toppings/,Healthy Egg Sandwich Add-Ins That Taste Good,recipes,2026-04-28,841,5,4,1,YES,4,6,0,4,19.25,0,2,0,NO,NO,,0.00,NO,NO,NO,KEEP,Freeze: no proven duplicate (best score 0.00); not objectively thin (841 words < 450; 5 H2s; 1 external citations); has GSC or Bing search/link evidence; no demonstrably superior target (none).
healthy-fats-list-foods-to-eat-daily,https://www.daily-life-hacks.com/healthy-fats-list-foods-to-eat-daily/,Healthy Fats: Practical Foods for Everyday Meals,nutrition,2026-03-15,909,7,5,0,YES,4,3,0,0,,0,0,0,YES,NO,,0.00,NO,NO,NO,KEEP,Freeze: no proven duplicate (best score 0.00); not objectively thin (909 words < 700; 7 H2s; 0 external citations); no demonstrably superior target (none).
healthy-homemade-dumpling-wrapper-recipe,https://www.daily-life-hacks.com/healthy-homemade-dumpling-wrapper-recipe/,Homemade Whole-Wheat Dumpling Wrappers,recipes,2026-04-28,889,6,4,0,YES,3,2,0,4,56.75,0,0,0,NO,NO,,0.00,NO,NO,NO,KEEP,Freeze: no proven duplicate (best score 0.00); not objectively thin (889 words < 450; 6 H2s; 0 external citations); has GSC or Bing search/link evidence; no demonstrably superior target (none).
healthy-homemade-indian-salad-dressing-recipes,https://www.daily-life-hacks.com/healthy-homemade-indian-salad-dressing-recipes/,Healthy Homemade Indian Salad Dressing Recipes,recipes,2026-04-28,1007,4,4,0,YES,4,2,0,0,,0,2,0,NO,NO,healthy-homemade-vegan-caesar-salad-dressing,0.43,NO,NO,NO,KEEP,Freeze: no proven duplicate (best score 0.43); not objectively thin (1007 words < 450; 4 H2s; 0 external citations); has GSC or Bing search/link evidence; no demonstrably superior target (893 words vs 1007; 4 vs 2 inbound article links; search score 0 vs 2).
healthy-homemade-vegan-caesar-salad-dressing,https://www.daily-life-hacks.com/healthy-homemade-vegan-caesar-salad-dressing/,Healthy Homemade Vegan Caesar Salad Dressing,recipes,2026-04-28,893,6,4,1,YES,3,4,0,0,,0,0,0,YES,NO,healthy-homemade-indian-salad-dressing-recipes,0.43,NO,NO,NO,KEEP,Freeze: no proven duplicate (best score 0.43); not objectively thin (893 words < 450; 6 H2s; 1 external citations); no demonstrably superior target (1007 words vs 893; 2 vs 4 inbound article links; search score 2 vs 0).
healthy-spring-vegetable-soup-recipes,https://www.daily-life-hacks.com/healthy-spring-vegetable-soup-recipes/,Healthy Spring Vegetable Soup Recipes for Busy Weeknights,recipes,2026-04-28,832,4,4,0,YES,4,3,0,0,,0,0,0,YES,NO,,0.00,NO,NO,NO,KEEP,Freeze: no proven duplicate (best score 0.00); not objectively thin (832 words < 450; 4 H2s; 0 external citations); no demonstrably superior target (none).
healthy-sweet-tooth-snack-ideas-night,https://www.daily-life-hacks.com/healthy-sweet-tooth-snack-ideas-night/,Healthy Sweet Tooth Snack Ideas for Night,recipes,2026-04-28,931,5,4,0,YES,4,3,0,0,,0,0,0,YES,NO,,0.00,NO,NO,NO,KEEP,Freeze: no proven duplicate (best score 0.00); not objectively thin (931 words < 450; 5 H2s; 0 external citations); no demonstrably superior target (none).
healthy-turkey-meatballs-meal-prep,https://www.daily-life-hacks.com/healthy-turkey-meatballs-meal-prep/,Healthy Turkey Meatballs for Meal Prep,recipes,2026-03-15,864,7,5,0,YES,3,7,0,0,,0,1,0,NO,NO,,0.00,NO,NO,NO,KEEP,Freeze: no proven duplicate (best score 0.00); not objectively thin (864 words < 450; 7 H2s; 0 external citations); has GSC or Bing search/link evidence; no demonstrably superior target (none).
hearty-vegetarian-chili-with-three-beans-and-corn,https://www.daily-life-hacks.com/hearty-vegetarian-chili-with-three-beans-and-corn/,Hearty Vegetarian Chili with Three Beans and Corn,recipes,2026-07-02,1954,8,5,0,YES,3,16,0,0,,0,0,0,YES,NO,,0.00,NO,NO,NO,KEEP,Freeze: no proven duplicate (best score 0.00); not objectively thin (1954 words < 450; 8 H2s; 0 external citations); no demonstrably superior target (none).
hidden-sugars-popular-summer-salad-dressings,https://www.daily-life-hacks.com/hidden-sugars-popular-summer-salad-dressings/,Hidden Sugars in Popular Summer Salad Dressings,nutrition,2026-04-28,936,5,4,0,YES,5,2,0,6,17.33,0,3,0,NO,NO,,0.00,NO,NO,NO,KEEP,Freeze: no proven duplicate (best score 0.00); not objectively thin (936 words < 700; 5 H2s; 0 external citations); has GSC or Bing search/link evidence; no demonstrably superior target (none).
high-fiber-avocado-toast-variations,https://www.daily-life-hacks.com/high-fiber-avocado-toast-variations/,High Fiber Avocado Toast With Beans and Seeds,recipes,2026-03-30,825,12,5,1,YES,3,3,0,0,,0,0,0,YES,NO,high-fiber-raspberry-jam-recipe-chia,0.27,NO,NO,NO,KEEP,Freeze: no proven duplicate (best score 0.27); not objectively thin (825 words < 450; 12 H2s; 1 external citations); no demonstrably superior target (862 words vs 825; 4 vs 3 inbound article links; search score 5 vs 0).
high-fiber-bran-muffins-that-taste-good,https://www.daily-life-hacks.com/high-fiber-bran-muffins-that-taste-good/,High Fiber Bran Muffins That Taste Good,recipes,2025-12-28,1267,7,5,0,YES,2,4,2,177,65.71,0,1,0,NO,NO,high-fiber-popcorn-toppings-healthy,0.25,NO,NO,NO,KEEP,Freeze: no proven duplicate (best score 0.25); not objectively thin (1267 words < 450; 7 H2s; 0 external citations); has GSC or Bing search/link evidence; no demonstrably superior target (939 words vs 1267; 5 vs 4 inbound article links; search score 1 vs 180).
high-fiber-burrito-bowl-meal-prep,https://www.daily-life-hacks.com/high-fiber-burrito-bowl-meal-prep/,High Fiber Burrito Bowl Meal Prep for a Better Work Lunch,recipes,2026-04-08,942,6,5,0,YES,4,15,0,0,,0,0,0,YES,NO,high-fiber-quinoa-salad-for-lunch-prep,0.36,NO,NO,NO,KEEP,Freeze: no proven duplicate (best score 0.36); not objectively thin (942 words < 450; 6 H2s; 0 external citations); no demonstrably superior target (863 words vs 942; 3 vs 15 inbound article links; search score 0 vs 0).
high-fiber-cauliflower-rice-recipes,https://www.daily-life-hacks.com/high-fiber-cauliflower-rice-recipes/,High Fiber Cauliflower Rice Recipes Guide,recipes,2026-02-27,1224,7,5,0,YES,2,2,0,0,,0,0,0,YES,NO,high-fiber-dinner-recipes-picky-kids,0.38,NO,NO,NO,KEEP,Freeze: no proven duplicate (best score 0.38); not objectively thin (1224 words < 450; 7 H2s; 0 external citations); no demonstrably superior target (906 words vs 1224; 4 vs 2 inbound article links; search score 0 vs 0).
high-fiber-dinner-recipes-picky-kids,https://www.daily-life-hacks.com/high-fiber-dinner-recipes-picky-kids/,High Fiber Dinner Recipes for Picky Kids,recipes,2026-04-28,906,4,4,2,YES,4,4,0,0,,0,0,0,YES,NO,high-fiber-smoothies-for-kids-picky-eaters,0.50,NO,NO,NO,KEEP,Freeze: no proven duplicate (best score 0.50); not objectively thin (906 words < 450; 4 H2s; 2 external citations); no demonstrably superior target (928 words vs 906; 3 vs 4 inbound article links; search score 8 vs 0).
high-fiber-fast-food-options-guide,https://www.daily-life-hacks.com/high-fiber-fast-food-options-guide/,High Fiber Fast Food: The Best Order at Every Chain,nutrition,2026-01-21,1074,7,5,0,YES,5,4,1,457,13.87,1,5,0,NO,NO,high-fiber-popcorn-toppings-healthy,0.21,NO,NO,NO,KEEP,Freeze: no proven duplicate (best score 0.21); not objectively thin (1074 words < 700; 7 H2s; 0 external citations); has GSC or Bing search/link evidence; no demonstrably superior target (939 words vs 1074; 5 vs 4 inbound article links; search score 1 vs 464).
high-fiber-gluten-free-bread-recipe,https://www.daily-life-hacks.com/high-fiber-gluten-free-bread-recipe/,High-Fiber Gluten-Free Bread That Holds Together,recipes,2026-04-08,886,5,5,0,YES,3,2,0,1,4.00,0,0,0,NO,NO,high-fiber-raspberry-jam-recipe-chia,0.21,NO,NO,NO,KEEP,Freeze: no proven duplicate (best score 0.21); not objectively thin (886 words < 450; 5 H2s; 0 external citations); has GSC or Bing search/link evidence; no demonstrably superior target (862 words vs 886; 4 vs 2 inbound article links; search score 5 vs 1).
high-fiber-hummus-recipe-homemade,https://www.daily-life-hacks.com/high-fiber-hummus-recipe-homemade/,"Creamy High Fiber Hummus, Made at Home",recipes,2026-01-08,979,8,5,0,YES,4,11,0,4,8.25,0,3,0,NO,NO,high-fiber-salad-dressings-homemade,0.30,NO,NO,YES,KEEP,Freeze: no proven duplicate (best score 0.30); not objectively thin (979 words < 450; 8 H2s; 0 external citations); has GSC or Bing search/link evidence.
high-fiber-meal-prep-ideas-for-busy-weeks-2026,https://www.daily-life-hacks.com/high-fiber-meal-prep-ideas-for-busy-weeks-2026/,High Fiber Meal Prep Bowls for Busy Weeks,recipes,2026-03-30,906,11,5,0,YES,3,2,0,0,,0,0,0,YES,NO,high-fiber-burrito-bowl-meal-prep,0.29,NO,NO,NO,KEEP,Freeze: no proven duplicate (best score 0.29); not objectively thin (906 words < 450; 11 H2s; 0 external citations); no demonstrably superior target (942 words vs 906; 15 vs 2 inbound article links; search score 0 vs 0).
high-fiber-meals-for-constipation-relief,https://www.daily-life-hacks.com/high-fiber-meals-for-constipation-relief/,High Fiber Foods for Constipation: Start Here,nutrition,2025-12-31,1335,11,5,5,YES,4,3,0,0,,0,0,0,YES,NO,best-high-fiber-foods-ranked-by-fiber-content,0.30,NO,NO,NO,KEEP,Freeze: no proven duplicate (best score 0.30); not objectively thin (1335 words < 700; 11 H2s; 5 external citations); no demonstrably superior target (962 words vs 1335; 4 vs 3 inbound article links; search score 0 vs 0).
high-fiber-pasta-alternatives,https://www.daily-life-hacks.com/high-fiber-pasta-alternatives/,High Fiber Pasta Alternatives That Still Feel Like Dinner,nutrition,2026-03-30,981,14,5,0,YES,3,3,0,6,7.00,0,0,0,NO,NO,high-fiber-dinner-recipes-picky-kids,0.27,NO,NO,NO,KEEP,Freeze: no proven duplicate (best score 0.27); not objectively thin (981 words < 700; 14 H2s; 0 external citations); has GSC or Bing search/link evidence; no demonstrably superior target (906 words vs 981; 4 vs 3 inbound article links; search score 0 vs 6).
high-fiber-pizza-crust-cauliflower,https://www.daily-life-hacks.com/high-fiber-pizza-crust-cauliflower/,High Fiber Cauliflower Pizza Crust That Actually Gets Crispy,recipes,2026-01-02,2645,8,5,0,YES,4,3,0,25,8.12,0,3,0,NO,NO,high-fiber-cauliflower-rice-recipes,0.30,NO,NO,NO,KEEP,Freeze: no proven duplicate (best score 0.30); not objectively thin (2645 words < 450; 8 H2s; 0 external citations); has GSC or Bing search/link evidence; no demonstrably superior target (1224 words vs 2645; 2 vs 3 inbound article links; search score 0 vs 28).
high-fiber-popcorn-toppings-healthy,https://www.daily-life-hacks.com/high-fiber-popcorn-toppings-healthy/,7 Popcorn Toppings That Don't Taste Like Diet Food,nutrition,2026-02-01,939,6,5,1,YES,3,5,0,0,,0,1,0,NO,NO,high-fiber-bran-muffins-that-taste-good,0.25,NO,NO,YES,KEEP,Freeze: no proven duplicate (best score 0.25); not objectively thin (939 words < 700; 6 H2s; 1 external citations); has GSC or Bing search/link evidence.
high-fiber-quinoa-salad-for-lunch-prep,https://www.daily-life-hacks.com/high-fiber-quinoa-salad-for-lunch-prep/,High Fiber Quinoa Salad for Lunch Prep,recipes,2026-03-30,863,11,5,1,YES,3,3,0,0,,0,0,0,YES,NO,high-fiber-salad-dressings-homemade,0.38,NO,NO,YES,KEEP,Freeze: no proven duplicate (best score 0.38); not objectively thin (863 words < 450; 11 H2s; 1 external citations).
high-fiber-raspberry-jam-recipe-chia,https://www.daily-life-hacks.com/high-fiber-raspberry-jam-recipe-chia/,High Fiber Raspberry Jam Recipe Using Chia Seeds,recipes,2026-04-26,862,6,5,1,YES,4,4,0,1,10.00,0,4,0,NO,NO,high-fiber-avocado-toast-variations,0.27,NO,NO,NO,KEEP,Freeze: no proven duplicate (best score 0.27); not objectively thin (862 words < 450; 6 H2s; 1 external citations); has GSC or Bing search/link evidence; no demonstrably superior target (825 words vs 862; 3 vs 4 inbound article links; search score 0 vs 5).
high-fiber-salad-dressings-homemade,https://www.daily-life-hacks.com/high-fiber-salad-dressings-homemade/,High Fiber Salad Dressings Homemade,recipes,2026-02-22,1245,7,5,0,YES,2,2,0,1,2.00,0,7,0,NO,NO,high-fiber-quinoa-salad-for-lunch-prep,0.38,NO,NO,NO,KEEP,Freeze: no proven duplicate (best score 0.38); not objectively thin (1245 words < 450; 7 H2s; 0 external citations); has GSC or Bing search/link evidence; no demonstrably superior target (863 words vs 1245; 3 vs 2 inbound article links; search score 0 vs 8).
high-fiber-smoothies-for-kids-picky-eaters,https://www.daily-life-hacks.com/high-fiber-smoothies-for-kids-picky-eaters/,High Fiber Smoothies for Kids Picky Eaters,nutrition,2026-02-16,928,4,5,0,YES,3,3,0,3,6.67,0,5,0,NO,NO,high-fiber-dinner-recipes-picky-kids,0.50,NO,NO,NO,KEEP,Freeze: no proven duplicate (best score 0.50); not objectively thin (928 words < 700; 4 H2s; 0 external citations); has GSC or Bing search/link evidence; no demonstrably superior target (906 words vs 928; 4 vs 3 inbound article links; search score 0 vs 8).
high-fiber-snacks-per-dollar,https://www.daily-life-hacks.com/high-fiber-snacks-per-dollar/,Cheap High-Fiber Snacks That Actually Fill You Up,nutrition,2026-07-13,900,4,5,0,YES,10,7,0,0,,0,0,0,YES,YES,fiber-per-dollar-cheapest-high-fiber-foods,0.42,NO,NO,YES,KEEP,Protected fixed recovery cohort; freeze for the measurement window.
high-fiber-stir-fry-vegetables,https://www.daily-life-hacks.com/high-fiber-stir-fry-vegetables/,Best Vegetables for Stir-Fry and How to Keep Them Crisp,recipes,2026-02-19,803,6,5,0,YES,3,6,0,0,,0,5,0,NO,NO,quick-and-easy-stir-fry-sauce-recipes-no-bottled-stuff,0.21,NO,NO,NO,KEEP,Freeze: no proven duplicate (best score 0.21); not objectively thin (803 words < 450; 6 H2s; 0 external citations); has GSC or Bing search/link evidence; no demonstrably superior target (2299 words vs 803; 4 vs 6 inbound article links; search score 0 vs 5).
high-fiber-yogurt-parfait-for-breakfast,https://www.daily-life-hacks.com/high-fiber-yogurt-parfait-for-breakfast/,High-Fiber Yogurt Parfait That Stays Crunchy,nutrition,2026-01-05,855,6,5,0,YES,3,3,0,50,64.42,0,2,0,NO,NO,easy-high-fiber-breakfast-ideas-for-gut-health,0.27,NO,NO,NO,KEEP,Freeze: no proven duplicate (best score 0.27); not objectively thin (855 words < 700; 6 H2s; 0 external citations); has GSC or Bing search/link evidence; no demonstrably superior target (1519 words vs 855; 3 vs 3 inbound article links; search score 0 vs 52).
high-protein-bagel-sandwich-ideas-lunch,https://www.daily-life-hacks.com/high-protein-bagel-sandwich-ideas-lunch/,High Protein Bagel Sandwich Ideas for a Better Lunch,recipes,2026-04-28,1043,5,4,0,YES,3,3,0,0,,0,3,0,NO,NO,how-much-protein-in-bagel-sandwich,0.38,NO,NO,NO,KEEP,Freeze: no proven duplicate (best score 0.38); not objectively thin (1043 words < 450; 5 H2s; 0 external citations); has GSC or Bing search/link evidence; no demonstrably superior target (986 words vs 1043; 3 vs 3 inbound article links; search score 9 vs 3).
high-protein-high-fiber-meals-for-weight-loss,https://www.daily-life-hacks.com/high-protein-high-fiber-meals-for-weight-loss/,What Is a High Protein High Fiber Diet,nutrition,2026-02-25,1376,10,4,0,YES,5,3,0,0,,0,0,0,YES,NO,high-protein-meals-on-a-budget,0.38,NO,NO,NO,KEEP,Freeze: no proven duplicate (best score 0.38); not objectively thin (1376 words < 700; 10 H2s; 0 external citations); no demonstrably superior target (994 words vs 1376; 2 vs 3 inbound article links; search score 0 vs 0).
high-protein-meals-on-a-budget,https://www.daily-life-hacks.com/high-protein-meals-on-a-budget/,High Protein Meals on a Budget,nutrition,2026-07-28,994,5,5,0,YES,10,2,0,0,,0,0,0,YES,NO,high-protein-on-a-budget-complete-guide,0.75,NO,NO,YES,KEEP,Freeze: no proven duplicate (best score 0.75); not objectively thin (994 words < 700; 5 H2s; 0 external citations).
high-protein-on-a-budget-complete-guide,https://www.daily-life-hacks.com/high-protein-on-a-budget-complete-guide/,High Protein on a Budget: The Complete Guide,nutrition,2026-07-08,3161,11,5,3,YES,38,43,0,0,,0,0,0,YES,NO,high-protein-meals-on-a-budget,0.75,NO,NO,NO,KEEP,Freeze: no proven duplicate (best score 0.75); not objectively thin (3161 words < 700; 11 H2s; 3 external citations); no demonstrably superior target (994 words vs 3161; 2 vs 43 inbound article links; search score 0 vs 0).
high-protein-vegetarian-breakfast-burritos-you-can-freeze,https://www.daily-life-hacks.com/high-protein-vegetarian-breakfast-burritos-you-can-freeze/,High Protein Vegetarian Breakfast Burritos You Can Freeze,recipes,2026-06-26,1984,9,5,0,YES,3,3,0,0,,0,0,0,YES,NO,how-to-get-more-protein-at-breakfast,0.27,NO,NO,NO,KEEP,Freeze: no proven duplicate (best score 0.27); not objectively thin (1984 words < 450; 9 H2s; 0 external citations); no demonstrably superior target (971 words vs 1984; 2 vs 3 inbound article links; search score 0 vs 0).
high-protein-vs-high-fiber-satiety,https://www.daily-life-hacks.com/high-protein-vs-high-fiber-satiety/,High Protein vs High Fiber for Satiety,nutrition,2026-04-28,834,5,4,3,YES,3,2,0,3,5.67,0,0,0,NO,NO,high-protein-high-fiber-meals-for-weight-loss,0.38,NO,NO,YES,KEEP,Freeze: no proven duplicate (best score 0.38); not objectively thin (834 words < 700; 5 H2s; 3 external citations); has GSC or Bing search/link evidence.
how-long-can-rice-and-beans-sit-out,https://www.daily-life-hacks.com/how-long-can-rice-and-beans-sit-out/,How Long Can Rice and Beans Sit Out?,tips,2026-07-28,864,5,5,3,YES,7,2,0,0,,0,0,0,YES,NO,,0.00,NO,NO,NO,KEEP,Freeze: no proven duplicate (best score 0.00); not objectively thin (864 words < 700; 5 H2s; 3 external citations); no demonstrably superior target (none).
how-long-do-canned-beans-last-after-the-best-by-date,https://www.daily-life-hacks.com/how-long-do-canned-beans-last-after-the-best-by-date/,How Long Do Canned Beans Last After the Best By Date?,tips,2026-07-28,820,4,5,5,YES,4,2,0,0,,0,0,0,YES,NO,how-long-do-opened-canned-beans-last,0.57,NO,NO,NO,KEEP,Freeze: no proven duplicate (best score 0.57); not objectively thin (820 words < 700; 4 H2s; 5 external citations); no demonstrably superior target (899 words vs 820; 3 vs 2 inbound article links; search score 0 vs 0).
how-long-do-dried-beans-last,https://www.daily-life-hacks.com/how-long-do-dried-beans-last/,How Long Do Dried Beans Last?,tips,2026-07-28,946,5,5,1,YES,8,6,0,0,,0,0,0,YES,NO,how-long-do-opened-canned-beans-last,0.50,NO,NO,NO,KEEP,Freeze: no proven duplicate (best score 0.50); not objectively thin (946 words < 700; 5 H2s; 1 external citations); no demonstrably superior target (899 words vs 946; 3 vs 6 inbound article links; search score 0 vs 0).
how-long-do-frozen-vegetables-last-in-the-freezer,https://www.daily-life-hacks.com/how-long-do-frozen-vegetables-last-in-the-freezer/,How Long Do Frozen Vegetables Last in the Freezer?,tips,2026-07-28,871,5,5,6,YES,6,5,0,0,,0,0,0,YES,NO,,0.00,NO,NO,NO,KEEP,Freeze: no proven duplicate (best score 0.00); not objectively thin (871 words < 700; 5 H2s; 6 external citations); no demonstrably superior target (none).
how-long-do-leftovers-last-in-the-fridge,https://www.daily-life-hacks.com/how-long-do-leftovers-last-in-the-fridge/,How Long Do Leftovers Last in the Fridge?,tips,2026-07-28,836,4,5,6,YES,6,3,0,0,,0,0,0,YES,NO,,0.00,NO,NO,NO,KEEP,Freeze: no proven duplicate (best score 0.00); not objectively thin (836 words < 700; 4 H2s; 6 external citations); no demonstrably superior target (none).
how-long-do-opened-canned-beans-last,https://www.daily-life-hacks.com/how-long-do-opened-canned-beans-last/,How Long Do Opened Canned Beans Last?,tips,2026-07-28,899,5,5,2,YES,7,3,0,0,,0,0,0,YES,NO,how-long-do-canned-beans-last-after-the-best-by-date,0.57,NO,NO,NO,KEEP,Freeze: no proven duplicate (best score 0.57); not objectively thin (899 words < 700; 5 H2s; 2 external citations); no demonstrably superior target (820 words vs 899; 2 vs 3 inbound article links; search score 0 vs 0).
how-much-dried-beans-per-person,https://www.daily-life-hacks.com/how-much-dried-beans-per-person/,How Much Dried Beans per Person?,nutrition,2026-07-28,819,4,5,0,YES,10,2,0,0,,0,0,0,YES,NO,how-much-rice-and-beans-per-person-per-day,0.57,NO,NO,NO,KEEP,Freeze: no proven duplicate (best score 0.57); not objectively thin (819 words < 700; 4 H2s; 0 external citations); no demonstrably superior target (1014 words vs 819; 5 vs 2 inbound article links; search score 0 vs 0).
how-much-food-storage-do-you-need-per-person,https://www.daily-life-hacks.com/how-much-food-storage-do-you-need-per-person/,How Much Food Storage Do You Need Per Person?,tips,2026-07-28,887,5,5,5,YES,5,2,0,0,,0,0,0,YES,NO,how-much-dried-beans-per-person,0.38,NO,NO,NO,KEEP,Freeze: no proven duplicate (best score 0.38); not objectively thin (887 words < 700; 5 H2s; 5 external citations); no demonstrably superior target (819 words vs 887; 2 vs 2 inbound article links; search score 0 vs 0).
how-much-is-a-can-of-beans,https://www.daily-life-hacks.com/how-much-is-a-can-of-beans/,What a Can of Beans Costs vs Cooking Dry,nutrition,2026-07-28,913,5,5,0,YES,9,3,0,0,,0,0,0,YES,NO,canned-vs-dry-beans-cost,0.30,NO,NO,NO,KEEP,Freeze: no proven duplicate (best score 0.30); not objectively thin (913 words < 700; 5 H2s; 0 external citations); no demonstrably superior target (923 words vs 913; 26 vs 3 inbound article links; search score 3 vs 0).
how-much-lentils-per-person-per-day,https://www.daily-life-hacks.com/how-much-lentils-per-person-per-day/,"How Much Lentils per Person, per Day?",nutrition,2026-07-28,867,5,5,0,YES,7,2,0,0,,0,0,0,YES,NO,how-much-rice-and-beans-per-person-per-day,0.57,NO,NO,NO,KEEP,Freeze: no proven duplicate (best score 0.57); not objectively thin (867 words < 700; 5 H2s; 0 external citations); no demonstrably superior target (1014 words vs 867; 5 vs 2 inbound article links; search score 0 vs 0).
how-much-oatmeal-is-a-serving,https://www.daily-life-hacks.com/how-much-oatmeal-is-a-serving/,How Much Oatmeal Is a Serving?,nutrition,2026-07-28,871,5,5,0,YES,7,2,0,0,,0,0,0,YES,NO,,0.00,NO,NO,NO,KEEP,Freeze: no proven duplicate (best score 0.00); not objectively thin (871 words < 700; 5 H2s; 0 external citations); no demonstrably superior target (none).
how-much-protein-do-you-need-per-day,https://www.daily-life-hacks.com/how-much-protein-do-you-need-per-day/,How Much Protein Do You Need Per Day?,nutrition,2026-03-15,1667,9,5,0,YES,3,9,0,0,,0,0,0,YES,NO,how-much-lentils-per-person-per-day,0.43,NO,NO,NO,KEEP,Freeze: no proven duplicate (best score 0.43); not objectively thin (1667 words < 700; 9 H2s; 0 external citations); no demonstrably superior target (867 words vs 1667; 2 vs 9 inbound article links; search score 0 vs 0).
how-much-protein-for-breakfast,https://www.daily-life-hacks.com/how-much-protein-for-breakfast/,How Much Protein for Breakfast? The Actual Grams,nutrition,2026-07-28,913,5,5,0,YES,8,2,0,0,,0,0,0,YES,NO,,0.00,NO,NO,NO,KEEP,Freeze: no proven duplicate (best score 0.00); not objectively thin (913 words < 700; 5 H2s; 0 external citations); no demonstrably superior target (none).
how-much-protein-in-a-can-of-beans,https://www.daily-life-hacks.com/how-much-protein-in-a-can-of-beans/,How Much Protein Is in a Can of Beans?,nutrition,2026-07-27,924,4,5,0,YES,12,6,0,0,,0,0,0,YES,NO,,0.00,NO,NO,NO,KEEP,Freeze: no proven duplicate (best score 0.00); not objectively thin (924 words < 700; 4 H2s; 0 external citations); no demonstrably superior target (none).
how-much-protein-in-bagel-sandwich,https://www.daily-life-hacks.com/how-much-protein-in-bagel-sandwich/,How Much Protein is in a Bagel Sandwich,nutrition,2026-04-28,986,5,4,0,YES,3,3,0,7,9.57,0,2,0,NO,NO,high-protein-bagel-sandwich-ideas-lunch,0.38,NO,NO,NO,KEEP,Freeze: no proven duplicate (best score 0.38); not objectively thin (986 words < 700; 5 H2s; 0 external citations); has GSC or Bing search/link evidence; no demonstrably superior target (1043 words vs 986; 3 vs 3 inbound article links; search score 3 vs 9).
how-much-protein-in-lentils,https://www.daily-life-hacks.com/how-much-protein-in-lentils/,Are Lentils Cheaper Protein Than Meat?,nutrition,2026-07-28,923,5,5,0,YES,10,4,0,0,,0,0,0,YES,NO,lentils-vs-chicken-breast-protein-cost,0.30,NO,NO,NO,KEEP,Freeze: no proven duplicate (best score 0.30); not objectively thin (923 words < 700; 5 H2s; 0 external citations); no demonstrably superior target (805 words vs 923; 5 vs 4 inbound article links; search score 0 vs 0).
how-much-protein-in-oatmeal,https://www.daily-life-hacks.com/how-much-protein-in-oatmeal/,How Much Protein Is in Oatmeal?,nutrition,2026-07-28,887,5,5,0,YES,10,2,0,0,,0,0,0,YES,NO,,0.00,NO,NO,NO,KEEP,Freeze: no proven duplicate (best score 0.00); not objectively thin (887 words < 700; 5 H2s; 0 external citations); no demonstrably superior target (none).
how-much-protein-in-peanut-butter,https://www.daily-life-hacks.com/how-much-protein-in-peanut-butter/,How Much Protein Is in Peanut Butter?,nutrition,2026-07-27,984,5,5,0,YES,10,7,0,0,,0,0,0,YES,NO,peanut-butter-vs-almonds-protein-cost,0.38,NO,NO,NO,KEEP,Freeze: no proven duplicate (best score 0.38); not objectively thin (984 words < 700; 5 H2s; 0 external citations); no demonstrably superior target (786 words vs 984; 11 vs 7 inbound article links; search score 0 vs 0).
how-much-protein-in-two-eggs,https://www.daily-life-hacks.com/how-much-protein-in-two-eggs/,How Much Protein Is in Two Eggs?,nutrition,2026-07-27,953,5,5,0,YES,11,7,0,0,,0,0,0,YES,NO,,0.00,NO,NO,NO,KEEP,Freeze: no proven duplicate (best score 0.00); not objectively thin (953 words < 700; 5 H2s; 0 external citations); no demonstrably superior target (none).
how-much-rice-and-beans-per-person-per-day,https://www.daily-life-hacks.com/how-much-rice-and-beans-per-person-per-day/,"How Much Rice and Beans per Person, per Day",nutrition,2026-07-27,1014,5,5,0,YES,9,5,0,0,,0,0,0,YES,NO,how-much-dried-beans-per-person,0.57,NO,NO,NO,KEEP,Freeze: no proven duplicate (best score 0.57); not objectively thin (1014 words < 700; 5 H2s; 0 external citations); no demonstrably superior target (819 words vs 1014; 2 vs 5 inbound article links; search score 0 vs 0).
how-to-choose-granola-not-dessert,https://www.daily-life-hacks.com/how-to-choose-granola-not-dessert/,How to Choose a Granola That Isn't Dessert,nutrition,2026-04-27,878,5,5,0,YES,4,5,0,0,,0,0,0,YES,NO,,0.00,NO,NO,NO,KEEP,Freeze: no proven duplicate (best score 0.00); not objectively thin (878 words < 700; 5 H2s; 0 external citations); no demonstrably superior target (none).
how-to-clean-blender-fast-no-scrub,https://www.daily-life-hacks.com/how-to-clean-blender-fast-no-scrub/,How to Clean a Blender Fast (No Scrubbing),tips,2026-04-27,853,5,5,0,YES,3,3,0,0,,0,0,0,YES,NO,,0.00,NO,NO,NO,KEEP,Freeze: no proven duplicate (best score 0.00); not objectively thin (853 words < 700; 5 H2s; 0 external citations); no demonstrably superior target (none).
how-to-cook-dried-beans-from-scratch,https://www.daily-life-hacks.com/how-to-cook-dried-beans-from-scratch/,How to Cook Dried Beans From Scratch,tips,2026-03-15,926,6,5,0,YES,3,18,0,0,,0,0,0,YES,NO,,0.00,NO,NO,NO,KEEP,Freeze: no proven duplicate (best score 0.00); not objectively thin (926 words < 700; 6 H2s; 0 external citations); no demonstrably superior target (none).
how-to-cook-frozen-vegetables-without-the-mush,https://www.daily-life-hacks.com/how-to-cook-frozen-vegetables-without-the-mush/,How to Cook Frozen Vegetables Without the Mush,tips,2026-07-28,778,5,5,4,YES,6,3,0,0,,0,0,0,YES,NO,do-you-have-to-cook-frozen-vegetables,0.60,NO,NO,NO,KEEP,Freeze: no proven duplicate (best score 0.60); not objectively thin (778 words < 700; 5 H2s; 4 external citations); no demonstrably superior target (767 words vs 778; 2 vs 3 inbound article links; search score 0 vs 0).
how-to-cool-rice-for-fried-rice,https://www.daily-life-hacks.com/how-to-cool-rice-for-fried-rice/,How to Cool Rice for Fried Rice (So It Doesn't Turn to Mush),tips,2026-04-28,931,6,5,0,YES,3,4,0,0,,0,1,0,NO,NO,cauliflower-fried-rice-with-eggs,0.30,NO,NO,NO,KEEP,Freeze: no proven duplicate (best score 0.30); not objectively thin (931 words < 700; 6 H2s; 0 external citations); has GSC or Bing search/link evidence; no demonstrably superior target (865 words vs 931; 4 vs 4 inbound article links; search score 0 vs 1).
how-to-double-recipe-seasoning-without-guessing,https://www.daily-life-hacks.com/how-to-double-recipe-seasoning-without-guessing/,Doubling a Recipe? Don't Double the Salt (Use the 1.5x Rule),tips,2026-04-28,981,6,7,0,YES,3,3,0,175,7.16,0,0,0,NO,NO,,0.00,NO,NO,NO,KEEP,Freeze: no proven duplicate (best score 0.00); not objectively thin (981 words < 700; 6 H2s; 0 external citations); has GSC or Bing search/link evidence; no demonstrably superior target (none).
how-to-eat-cheap-at-home,https://www.daily-life-hacks.com/how-to-eat-cheap-at-home/,How to Eat Cheap at Home,tips,2026-07-28,1044,5,5,0,YES,11,2,0,0,,0,0,0,YES,NO,,0.00,NO,NO,NO,KEEP,Freeze: no proven duplicate (best score 0.00); not objectively thin (1044 words < 700; 5 H2s; 0 external citations); no demonstrably superior target (none).
how-to-eat-more-fiber-on-a-budget-complete-guide,https://www.daily-life-hacks.com/how-to-eat-more-fiber-on-a-budget-complete-guide/,How to Eat More Fiber on a Budget: The Complete Guide,nutrition,2026-07-07,2814,8,5,3,YES,36,43,0,0,,0,0,0,YES,NO,,0.00,NO,NO,NO,KEEP,Freeze: no proven duplicate (best score 0.00); not objectively thin (2814 words < 700; 8 H2s; 3 external citations); no demonstrably superior target (none).
how-to-freeze-bananas-for-smoothies,https://www.daily-life-hacks.com/how-to-freeze-bananas-for-smoothies/,How to Freeze Bananas and Strawberries for Smoothies,tips,2026-01-24,1090,6,5,0,YES,3,3,0,0,,0,3,0,NO,NO,,0.00,NO,NO,NO,KEEP,Freeze: no proven duplicate (best score 0.00); not objectively thin (1090 words < 700; 6 H2s; 0 external citations); has GSC or Bing search/link evidence; no demonstrably superior target (none).
how-to-freeze-fresh-vegetables-at-home,https://www.daily-life-hacks.com/how-to-freeze-fresh-vegetables-at-home/,How to Freeze Fresh Vegetables at Home,tips,2026-07-28,801,5,5,5,YES,5,2,0,0,,0,0,0,YES,NO,,0.00,NO,NO,NO,KEEP,Freeze: no proven duplicate (best score 0.00); not objectively thin (801 words < 700; 5 H2s; 5 external citations); no demonstrably superior target (none).
how-to-get-more-protein-at-breakfast,https://www.daily-life-hacks.com/how-to-get-more-protein-at-breakfast/,"Cheap High Protein Breakfast Add-Ons, Priced",nutrition,2026-07-28,971,5,5,0,YES,12,2,0,0,,0,0,0,YES,NO,high-protein-vegetarian-breakfast-burritos-you-can-freeze,0.27,NO,NO,YES,KEEP,Freeze: no proven duplicate (best score 0.27); not objectively thin (971 words < 700; 5 H2s; 0 external citations).
how-to-grocery-shop-for-a-month-on-a-budget,https://www.daily-life-hacks.com/how-to-grocery-shop-for-a-month-on-a-budget/,How to Grocery Shop for a Month on a Budget,tips,2026-07-27,1086,5,5,0,YES,17,5,0,0,,0,0,0,YES,NO,grocery-budget-for-one-person-per-month,0.43,NO,NO,NO,KEEP,Freeze: no proven duplicate (best score 0.43); not objectively thin (1086 words < 700; 5 H2s; 0 external citations); no demonstrably superior target (1026 words vs 1086; 6 vs 5 inbound article links; search score 0 vs 0).
how-to-increase-fiber-intake-without-gas,https://www.daily-life-hacks.com/how-to-increase-fiber-intake-without-gas/,How to Add More Fiber Without Gas,nutrition,2026-03-30,912,13,5,0,YES,3,7,0,0,,0,0,0,YES,NO,,0.00,NO,NO,NO,KEEP,Freeze: no proven duplicate (best score 0.00); not objectively thin (912 words < 700; 13 H2s; 0 external citations); no demonstrably superior target (none).
how-to-keep-bread-fresh-longer-without-mold,https://www.daily-life-hacks.com/how-to-keep-bread-fresh-longer-without-mold/,How to Keep Bread Fresh Longer Without Mold,tips,2026-01-12,1262,8,5,0,YES,3,3,0,0,,0,6,0,NO,NO,keep-berries-fresh-longer-when-to-wash,0.38,NO,NO,NO,KEEP,Freeze: no proven duplicate (best score 0.38); not objectively thin (1262 words < 700; 8 H2s; 0 external citations); has GSC or Bing search/link evidence; no demonstrably superior target (815 words vs 1262; 2 vs 3 inbound article links; search score 15 vs 6).
how-to-keep-sandwiches-from-getting-soggy,https://www.daily-life-hacks.com/how-to-keep-sandwiches-from-getting-soggy/,How to Keep Sandwiches From Getting Soggy,tips,2026-04-28,950,5,4,0,YES,3,2,0,27,20.07,0,0,0,NO,NO,,0.00,NO,NO,NO,KEEP,Freeze: no proven duplicate (best score 0.00); not objectively thin (950 words < 700; 5 H2s; 0 external citations); has GSC or Bing search/link evidence; no demonstrably superior target (none).
how-to-make-grocery-shopping-cheaper,https://www.daily-life-hacks.com/how-to-make-grocery-shopping-cheaper/,Ways to Make Grocery Shopping Cheaper,tips,2026-01-25,1873,12,5,0,YES,7,6,0,0,,0,0,0,YES,NO,,0.00,NO,NO,NO,KEEP,Freeze: no proven duplicate (best score 0.00); not objectively thin (1873 words < 700; 12 H2s; 0 external citations); no demonstrably superior target (none).
how-to-make-sourdough-pizza-dough-same-day,https://www.daily-life-hacks.com/how-to-make-sourdough-pizza-dough-same-day/,How to Make Sourdough Pizza Dough Same Day,tips,2026-04-28,1724,11,4,0,YES,5,2,0,0,,0,0,0,YES,NO,easy-sourdough-discard-pizza-dough-no-yeast,0.38,NO,NO,NO,KEEP,Freeze: no proven duplicate (best score 0.38); not objectively thin (1724 words < 700; 11 H2s; 0 external citations); no demonstrably superior target (853 words vs 1724; 3 vs 2 inbound article links; search score 0 vs 0).
how-to-meal-plan-on-a-budget,https://www.daily-life-hacks.com/how-to-meal-plan-on-a-budget/,How to Meal Plan on a Budget,tips,2026-07-28,1014,5,5,0,YES,11,3,0,0,,0,0,0,YES,NO,,0.00,NO,NO,NO,KEEP,Freeze: no proven duplicate (best score 0.00); not objectively thin (1014 words < 700; 5 H2s; 0 external citations); no demonstrably superior target (none).
how-to-meal-prep-on-a-budget-for-one-person,https://www.daily-life-hacks.com/how-to-meal-prep-on-a-budget-for-one-person/,How to Meal Prep on a Budget,tips,2026-02-08,1330,10,5,0,YES,4,5,0,0,,0,1,0,NO,NO,budget-meal-ideas-for-one,0.43,NO,NO,YES,KEEP,Freeze: no proven duplicate (best score 0.43); not objectively thin (1330 words < 700; 10 H2s; 0 external citations); has GSC or Bing search/link evidence.
how-to-measure-sourdough-discard-grams,https://www.daily-life-hacks.com/how-to-measure-sourdough-discard-grams/,How Many Grams Is 1 Cup of Sourdough Discard?,tips,2026-04-28,914,6,5,1,YES,4,4,0,0,,0,26,0,NO,NO,,0.00,NO,NO,NO,KEEP,Freeze: no proven duplicate (best score 0.00); not objectively thin (914 words < 700; 6 H2s; 1 external citations); has GSC or Bing search/link evidence; no demonstrably superior target (none).
how-to-organize-a-small-kitchen-on-a-budget,https://www.daily-life-hacks.com/how-to-organize-a-small-kitchen-on-a-budget/,How to Organize a Small Kitchen on a Budget,tips,2026-01-23,843,7,5,0,YES,5,3,0,0,,0,0,0,YES,NO,,0.00,NO,NO,NO,KEEP,Freeze: no proven duplicate (best score 0.00); not objectively thin (843 words < 700; 7 H2s; 0 external citations); no demonstrably superior target (none).
how-to-pack-cold-pasta-salad-picnics,https://www.daily-life-hacks.com/how-to-pack-cold-pasta-salad-picnics/,How to Pack Cold Pasta Salad for Picnics,tips,2026-04-28,979,5,4,2,YES,3,5,0,0,,0,0,0,YES,NO,easy-cold-summer-pasta-salad-potlucks,0.43,NO,NO,NO,KEEP,Freeze: no proven duplicate (best score 0.43); not objectively thin (979 words < 700; 5 H2s; 2 external citations); no demonstrably superior target (923 words vs 979; 3 vs 5 inbound article links; search score 1 vs 0).
how-to-pack-lunch-crisp-sandwiches-salads,https://www.daily-life-hacks.com/how-to-pack-lunch-crisp-sandwiches-salads/,How to Pack Lunch So Sandwiches and Salads Stay Crisp,tips,2026-04-07,883,4,5,0,YES,3,2,0,13,53.77,0,0,0,NO,NO,,0.00,NO,NO,NO,KEEP,Freeze: no proven duplicate (best score 0.00); not objectively thin (883 words < 700; 4 H2s; 0 external citations); has GSC or Bing search/link evidence; no demonstrably superior target (none).
how-to-pack-salad-for-work-not-soggy,https://www.daily-life-hacks.com/how-to-pack-salad-for-work-not-soggy/,How to Pack Salad for Work Without Soggy Lettuce,tips,2026-04-29,967,6,5,0,YES,3,3,0,4,7.50,0,0,0,NO,NO,,0.00,NO,NO,NO,KEEP,Freeze: no proven duplicate (best score 0.00); not objectively thin (967 words < 700; 6 H2s; 0 external citations); has GSC or Bing search/link evidence; no demonstrably superior target (none).
how-to-preheat-skillet-even-browning,https://www.daily-life-hacks.com/how-to-preheat-skillet-even-browning/,How to Preheat a Skillet for More Even Browning,tips,2026-04-07,830,4,5,0,YES,3,2,0,18,18.78,0,0,0,NO,NO,,0.00,NO,NO,NO,KEEP,Freeze: no proven duplicate (best score 0.00); not objectively thin (830 words < 700; 4 H2s; 0 external citations); has GSC or Bing search/link evidence; no demonstrably superior target (none).
how-to-prep-high-protein-lunches-work,https://www.daily-life-hacks.com/how-to-prep-high-protein-lunches-work/,How to Prep High Protein Lunches for Work,tips,2026-04-28,905,5,4,0,YES,3,4,0,0,,0,0,0,YES,NO,high-fiber-burrito-bowl-meal-prep,0.27,NO,NO,NO,KEEP,Freeze: no proven duplicate (best score 0.27); not objectively thin (905 words < 700; 5 H2s; 0 external citations); no demonstrably superior target (942 words vs 905; 15 vs 4 inbound article links; search score 0 vs 0).
how-to-properly-store-cooked-grains-for-meal-prep,https://www.daily-life-hacks.com/how-to-properly-store-cooked-grains-for-meal-prep/,How to Properly Store Cooked Grains for Meal Prep,tips,2026-06-26,1507,8,5,0,YES,4,11,0,0,,0,0,0,YES,NO,,0.00,NO,NO,NO,KEEP,Freeze: no proven duplicate (best score 0.00); not objectively thin (1507 words < 700; 8 H2s; 0 external citations); no demonstrably superior target (none).
how-to-quick-soak-dried-beans-same-day,https://www.daily-life-hacks.com/how-to-quick-soak-dried-beans-same-day/,How to Quick-Soak Dried Beans the Same Day,tips,2026-04-07,866,4,5,0,YES,3,11,0,25,81.36,0,0,0,NO,NO,,0.00,NO,NO,NO,KEEP,Freeze: no proven duplicate (best score 0.00); not objectively thin (866 words < 700; 4 H2s; 0 external citations); has GSC or Bing search/link evidence; no demonstrably superior target (none).
how-to-read-nutrition-labels-for-beginners,https://www.daily-life-hacks.com/how-to-read-nutrition-labels-for-beginners/,How to Read a Nutrition Label for Beginners,tips,2026-01-28,935,6,5,0,YES,3,3,0,0,,0,0,0,YES,NO,,0.00,NO,NO,NO,KEEP,Freeze: no proven duplicate (best score 0.00); not objectively thin (935 words < 700; 6 H2s; 0 external citations); no demonstrably superior target (none).
how-to-reduce-food-waste-at-home-easy-tips,https://www.daily-life-hacks.com/how-to-reduce-food-waste-at-home-easy-tips/,How to Reduce Food Waste at Home,tips,2025-12-26,914,6,5,0,YES,4,11,0,1,2.00,0,0,0,NO,NO,,0.00,NO,NO,NO,KEEP,Freeze: no proven duplicate (best score 0.00); not objectively thin (914 words < 700; 6 H2s; 0 external citations); has GSC or Bing search/link evidence; no demonstrably superior target (none).
how-to-revive-wilted-lettuce-and-greens,https://www.daily-life-hacks.com/how-to-revive-wilted-lettuce-and-greens/,How to Revive Wilted Lettuce in 10 Minutes,tips,2026-02-09,863,5,5,2,YES,3,3,0,4,28.25,0,69,0,NO,NO,,0.00,NO,NO,NO,KEEP,Freeze: no proven duplicate (best score 0.00); not objectively thin (863 words < 700; 5 H2s; 2 external citations); has GSC or Bing search/link evidence; no demonstrably superior target (none).
how-to-save-money-on-groceries-at-walmart,https://www.daily-life-hacks.com/how-to-save-money-on-groceries-at-walmart/,How to Save Money on Groceries at Walmart,tips,2026-07-27,1112,5,5,0,YES,13,4,0,0,,0,0,0,YES,NO,,0.00,NO,NO,NO,KEEP,Freeze: no proven duplicate (best score 0.00); not objectively thin (1112 words < 700; 5 H2s; 0 external citations); no demonstrably superior target (none).
how-to-season-cast-iron-skillet-properly,https://www.daily-life-hacks.com/how-to-season-cast-iron-skillet-properly/,How to Season a Cast Iron Skillet Properly,tips,2026-03-15,892,5,5,0,YES,3,3,0,2,8.00,0,0,0,NO,NO,,0.00,NO,NO,NO,KEEP,Freeze: no proven duplicate (best score 0.00); not objectively thin (892 words < 700; 5 H2s; 0 external citations); has GSC or Bing search/link evidence; no demonstrably superior target (none).
how-to-store-fresh-ginger,https://www.daily-life-hacks.com/how-to-store-fresh-ginger/,"Keep Fresh Ginger Ready for Weeks, Not Days",tips,2026-06-01,840,4,4,0,YES,3,2,0,0,,0,0,0,YES,NO,best-way-to-store-avocados-to-stop-browning,0.23,NO,NO,YES,KEEP,Freeze: no proven duplicate (best score 0.23); not objectively thin (840 words < 700; 4 H2s; 0 external citations).
how-to-store-fresh-herbs-to-last-longer,https://www.daily-life-hacks.com/how-to-store-fresh-herbs-to-last-longer/,How to Store Fresh Herbs So They Last Longer,tips,2026-02-18,853,5,5,0,YES,4,2,0,0,,0,0,0,YES,NO,,0.00,NO,NO,NO,KEEP,Freeze: no proven duplicate (best score 0.00); not objectively thin (853 words < 700; 5 H2s; 0 external citations); no demonstrably superior target (none).
how-to-store-fruits-and-vegetables-properly,https://www.daily-life-hacks.com/how-to-store-fruits-and-vegetables-properly/,How to Store Fruits and Vegetables,tips,2026-01-17,816,4,5,0,YES,5,4,0,0,,0,0,0,YES,NO,,0.00,NO,NO,NO,KEEP,Freeze: no proven duplicate (best score 0.00); not objectively thin (816 words < 700; 4 H2s; 0 external citations); no demonstrably superior target (none).
how-to-store-homemade-bread,https://www.daily-life-hacks.com/how-to-store-homemade-bread/,How to Store Homemade Bread,tips,2026-06-04,1714,8,5,0,YES,3,3,0,0,,0,0,0,YES,NO,,0.00,NO,NO,NO,KEEP,Freeze: no proven duplicate (best score 0.00); not objectively thin (1714 words < 700; 8 H2s; 0 external citations); no demonstrably superior target (none).
how-to-store-homemade-salad-dressing-safely,https://www.daily-life-hacks.com/how-to-store-homemade-salad-dressing-safely/,How to Store Homemade Salad Dressing Safely,tips,2026-04-28,1119,6,6,0,YES,4,3,1,193,17.09,0,1,0,NO,NO,healthy-homemade-indian-salad-dressing-recipes,0.43,NO,NO,NO,KEEP,Freeze: no proven duplicate (best score 0.43); not objectively thin (1119 words < 700; 6 H2s; 0 external citations); has GSC or Bing search/link evidence; no demonstrably superior target (1007 words vs 1119; 2 vs 3 inbound article links; search score 2 vs 195).
how-to-stretch-meals-large-families,https://www.daily-life-hacks.com/how-to-stretch-meals-large-families/,How to Stretch Meals for Large Families With Less Stress,tips,2026-04-28,980,4,4,0,YES,6,6,0,3,4.00,0,0,0,NO,NO,cheap-crockpot-meals-large-families,0.38,NO,NO,NO,KEEP,Freeze: no proven duplicate (best score 0.38); not objectively thin (980 words < 700; 4 H2s; 0 external citations); has GSC or Bing search/link evidence; no demonstrably superior target (923 words vs 980; 4 vs 6 inbound article links; search score 28 vs 3).
how-to-use-leftover-rice-creative-ideas,https://www.daily-life-hacks.com/how-to-use-leftover-rice-creative-ideas/,How to Use Leftover Rice: Creative Ideas,tips,2026-03-15,997,8,5,4,YES,4,8,0,0,,0,0,0,YES,NO,,0.00,NO,NO,NO,KEEP,Freeze: no proven duplicate (best score 0.00); not objectively thin (997 words < 700; 8 H2s; 4 external citations); no demonstrably superior target (none).
is-driving-to-cheaper-grocery-store-worth-it,https://www.daily-life-hacks.com/is-driving-to-cheaper-grocery-store-worth-it/,Is Driving to a Cheaper Grocery Store Worth It?,tips,2026-07-19,1013,5,5,1,YES,5,4,0,0,,0,0,0,YES,YES,,0.00,NO,NO,NO,KEEP,Protected fixed recovery cohort; freeze for the measurement window.
keep-berries-fresh-longer-when-to-wash,https://www.daily-life-hacks.com/keep-berries-fresh-longer-when-to-wash/,How to Keep Berries Fresh Longer (And When to Wash Them),tips,2026-04-07,815,4,5,0,YES,4,2,0,15,27.07,0,0,0,NO,NO,how-to-keep-bread-fresh-longer-without-mold,0.38,NO,NO,YES,KEEP,Freeze: no proven duplicate (best score 0.38); not objectively thin (815 words < 700; 4 H2s; 0 external citations); has GSC or Bing search/link evidence.
kitchen-hacks-for-sink,https://www.daily-life-hacks.com/kitchen-hacks-for-sink/,Keep Your Kitchen Sink from Becoming a Disaster Zone,tips,2026-05-30,1094,7,5,0,YES,3,2,0,0,,0,0,0,YES,NO,,0.00,NO,NO,NO,KEEP,Freeze: no proven duplicate (best score 0.00); not objectively thin (1094 words < 700; 7 H2s; 0 external citations); no demonstrably superior target (none).
kitchen-tools-that-save-time-and-money,https://www.daily-life-hacks.com/kitchen-tools-that-save-time-and-money/,Kitchen Tools That Save Time and Money,tips,2026-03-15,834,8,5,0,YES,4,3,0,0,,0,0,0,YES,NO,,0.00,NO,NO,NO,KEEP,Freeze: no proven duplicate (best score 0.00); not objectively thin (834 words < 700; 8 H2s; 0 external citations); no demonstrably superior target (none).
lentil-curry-high-fiber-vegan-dinner,https://www.daily-life-hacks.com/lentil-curry-high-fiber-vegan-dinner/,Lentil Curry: A High-Fiber Vegan Dinner,recipes,2026-04-08,942,6,5,0,YES,4,17,0,2,62.00,0,0,0,NO,NO,vegetarian-high-fiber-dinners-for-natural-relief,0.31,NO,NO,NO,KEEP,Freeze: no proven duplicate (best score 0.31); not objectively thin (942 words < 450; 6 H2s; 0 external citations); has GSC or Bing search/link evidence; no demonstrably superior target (990 words vs 942; 3 vs 17 inbound article links; search score 0 vs 2).
lentils-vs-chicken-breast-protein-cost,https://www.daily-life-hacks.com/lentils-vs-chicken-breast-protein-cost/,Lentils vs Chicken Breast: Which Is Cheaper Protein?,nutrition,2026-07-26,805,4,5,0,YES,7,5,0,0,,0,0,0,YES,NO,chicken-thighs-vs-breast-protein-cost,0.75,NO,NO,NO,KEEP,Freeze: no proven duplicate (best score 0.75); not objectively thin (805 words < 700; 4 H2s; 0 external citations); no demonstrably superior target (766 words vs 805; 13 vs 5 inbound article links; search score 0 vs 0).
low-cost-protein-meal-hacks-families,https://www.daily-life-hacks.com/low-cost-protein-meal-hacks-families/,Low Cost Protein Meal Hacks for Families,tips,2026-04-28,902,5,4,0,YES,3,2,0,0,,0,0,0,YES,NO,best-low-cost-protein-sources-large-families,0.50,NO,NO,YES,KEEP,Freeze: no proven duplicate (best score 0.50); not objectively thin (902 words < 700; 5 H2s; 0 external citations).
macronutrient-breakdown-healthy-egg-sandwich,https://www.daily-life-hacks.com/macronutrient-breakdown-healthy-egg-sandwich/,The Macronutrient Breakdown of a Healthy Egg Sandwich,nutrition,2026-04-28,815,4,4,0,YES,5,2,0,0,,0,0,0,YES,NO,,0.00,NO,NO,NO,KEEP,Freeze: no proven duplicate (best score 0.00); not objectively thin (815 words < 700; 4 H2s; 0 external citations); no demonstrably superior target (none).
make-ahead-breakfast-ideas-without-eggs,https://www.daily-life-hacks.com/make-ahead-breakfast-ideas-without-eggs/,Make Ahead Breakfast Ideas Without Eggs,recipes,2026-04-28,828,4,4,0,YES,4,4,0,0,,0,0,0,YES,NO,,0.00,NO,NO,NO,KEEP,Freeze: no proven duplicate (best score 0.00); not objectively thin (828 words < 450; 4 H2s; 0 external citations); no demonstrably superior target (none).
meal-prep-for-beginners-complete-system,https://www.daily-life-hacks.com/meal-prep-for-beginners-complete-system/,Meal Prep for Beginners: The Complete System,tips,2026-07-07,2442,7,5,0,YES,25,20,0,0,,0,0,0,YES,NO,freezer-meal-prep-ideas-for-beginners,0.43,NO,NO,NO,KEEP,Freeze: no proven duplicate (best score 0.43); not objectively thin (2442 words < 700; 7 H2s; 0 external citations); no demonstrably superior target (962 words vs 2442; 6 vs 20 inbound article links; search score 0 vs 0).
meat-per-dollar-protein-ranked,https://www.daily-life-hacks.com/meat-per-dollar-protein-ranked/,The Cheapest Meat for Protein (It Isn't Chicken Breast),nutrition,2026-07-13,992,5,5,0,YES,12,10,0,0,,0,1,0,NO,YES,protein-per-dollar-cheapest-protein-sources,0.50,NO,NO,YES,KEEP,Protected fixed recovery cohort; freeze for the measurement window.
natto-japanese-fermented-soybeans-gut-health,https://www.daily-life-hacks.com/natto-japanese-fermented-soybeans-gut-health/,Natto Gut Health: What the Evidence Can Actually Say,nutrition,2026-04-04,884,5,5,2,YES,3,3,0,0,,0,0,0,YES,NO,,0.00,NO,NO,NO,KEEP,Freeze: no proven duplicate (best score 0.00); not objectively thin (884 words < 700; 5 H2s; 2 external citations); no demonstrably superior target (none).
no-bake-high-fiber-energy-balls-recipe,https://www.daily-life-hacks.com/no-bake-high-fiber-energy-balls-recipe/,No-Bake High Fiber Energy Balls With Oats and Flax,recipes,2026-03-30,896,12,5,0,YES,4,8,0,3,84.33,0,0,0,NO,NO,high-fiber-raspberry-jam-recipe-chia,0.23,NO,NO,NO,KEEP,Freeze: no proven duplicate (best score 0.23); not objectively thin (896 words < 450; 12 H2s; 0 external citations); has GSC or Bing search/link evidence; no demonstrably superior target (862 words vs 896; 4 vs 8 inbound article links; search score 5 vs 3).
no-cook-protein-per-dollar,https://www.daily-life-hacks.com/no-cook-protein-per-dollar/,No-Cook Protein per Dollar: Cheapest Options Ranked,nutrition,2026-07-13,949,4,5,0,YES,13,20,0,0,,0,0,0,YES,NO,protein-per-dollar-cheapest-protein-sources,0.56,NO,NO,YES,KEEP,Freeze: no proven duplicate (best score 0.56); not objectively thin (949 words < 700; 4 H2s; 0 external citations).
nutritional-value-of-beans-compared,https://www.daily-life-hacks.com/nutritional-value-of-beans-compared/,Nutritional Value of Beans: 10 Types Compared,nutrition,2026-07-28,1067,6,5,1,YES,10,3,0,0,,0,0,0,YES,NO,,0.00,NO,NO,NO,KEEP,Freeze: no proven duplicate (best score 0.00); not objectively thin (1067 words < 700; 6 H2s; 1 external citations); no demonstrably superior target (none).
oatmeal-vs-grits-fiber-content,https://www.daily-life-hacks.com/oatmeal-vs-grits-fiber-content/,Oatmeal vs Grits: Which Has More Fiber? The Actual Numbers,nutrition,2026-02-03,1925,6,5,0,YES,5,5,0,23,19.00,1,7,0,NO,NO,,0.00,NO,NO,NO,KEEP,Freeze: no proven duplicate (best score 0.00); not objectively thin (1925 words < 700; 6 H2s; 0 external citations); has GSC or Bing search/link evidence; no demonstrably superior target (none).
one-dollar-fiber-what-it-buys,https://www.daily-life-hacks.com/one-dollar-fiber-what-it-buys/,The Cheapest Fiber Foods: What $1 Actually Buys,nutrition,2026-07-13,1066,4,5,0,YES,12,9,0,0,,0,0,0,YES,NO,one-dollar-protein-what-it-buys,0.75,NO,NO,NO,KEEP,Freeze: no proven duplicate (best score 0.75); not objectively thin (1066 words < 700; 4 H2s; 0 external citations); no demonstrably superior target (936 words vs 1066; 12 vs 9 inbound article links; search score 0 vs 0).
one-dollar-protein-what-it-buys,https://www.daily-life-hacks.com/one-dollar-protein-what-it-buys/,The Cheapest Protein Foods: What $1 Actually Buys,nutrition,2026-07-13,936,4,5,0,YES,12,12,0,0,,0,0,0,YES,NO,one-dollar-fiber-what-it-buys,0.75,NO,NO,NO,KEEP,Freeze: no proven duplicate (best score 0.75); not objectively thin (936 words < 700; 4 H2s; 0 external citations); no demonstrably superior target (1066 words vs 936; 9 vs 12 inbound article links; search score 0 vs 0).
one-theme-five-dinners-one-grocery-list,https://www.daily-life-hacks.com/one-theme-five-dinners-one-grocery-list/,"One Theme, Five Dinners, One Grocery List",tips,2026-07-19,1043,5,5,1,YES,7,3,0,0,,0,0,0,YES,NO,,0.00,NO,NO,NO,KEEP,Freeze: no proven duplicate (best score 0.00); not objectively thin (1043 words < 700; 5 H2s; 1 external citations); no demonstrably superior target (none).
peanut-butter-vs-almonds-protein-cost,https://www.daily-life-hacks.com/peanut-butter-vs-almonds-protein-cost/,Peanut Butter vs Almonds: Which Is Cheaper Protein?,nutrition,2026-07-26,786,4,5,0,YES,7,11,0,0,,0,0,0,YES,NO,tofu-vs-chicken-protein-cost,0.44,NO,NO,NO,KEEP,Freeze: no proven duplicate (best score 0.44); not objectively thin (786 words < 700; 4 H2s; 0 external citations); no demonstrably superior target (749 words vs 786; 8 vs 11 inbound article links; search score 0 vs 0).
pear-salad-with-walnuts-fiber-rich,https://www.daily-life-hacks.com/pear-salad-with-walnuts-fiber-rich/,Pear and Walnut Salad With Blue Cheese,recipes,2025-12-29,813,7,5,0,YES,3,6,0,0,,0,1,0,NO,NO,,0.00,NO,NO,NO,KEEP,Freeze: no proven duplicate (best score 0.00); not objectively thin (813 words < 450; 7 H2s; 0 external citations); has GSC or Bing search/link evidence; no demonstrably superior target (none).
plan-week-of-dinners-fewer-grocery-runs,https://www.daily-life-hacks.com/plan-week-of-dinners-fewer-grocery-runs/,How to Plan a Week of Dinners With Fewer Grocery Runs,nutrition,2026-04-08,887,5,5,0,YES,5,2,0,3,2.67,0,0,0,NO,NO,,0.00,NO,NO,NO,KEEP,Freeze: no proven duplicate (best score 0.00); not objectively thin (887 words < 700; 5 H2s; 0 external citations); has GSC or Bing search/link evidence; no demonstrably superior target (none).
plant-based-protein-sources-complete-guide,https://www.daily-life-hacks.com/plant-based-protein-sources-complete-guide/,Plant-Based Protein Sources: A Complete Guide,nutrition,2026-03-15,1043,6,5,1,YES,7,3,0,0,,0,0,0,YES,NO,plant-protein-per-dollar-ranked,0.33,NO,NO,NO,KEEP,Freeze: no proven duplicate (best score 0.33); not objectively thin (1043 words < 700; 6 H2s; 1 external citations); no demonstrably superior target (1107 words vs 1043; 18 vs 3 inbound article links; search score 0 vs 0).
plant-protein-per-dollar-ranked,https://www.daily-life-hacks.com/plant-protein-per-dollar-ranked/,The Cheapest Plant Protein: 18 Sources Ranked,nutrition,2026-07-13,1107,4,5,0,YES,16,18,0,0,,0,0,0,YES,NO,protein-per-dollar-cheapest-protein-sources,0.86,NO,NO,YES,KEEP,Freeze: no proven duplicate (best score 0.86); not objectively thin (1107 words < 700; 4 H2s; 0 external citations).
popcorn-vs-almonds-fiber-cost,https://www.daily-life-hacks.com/popcorn-vs-almonds-fiber-cost/,Popcorn vs Almonds: Which Snack Is Cheaper for Fiber?,nutrition,2026-07-26,787,4,5,0,YES,9,5,0,0,,0,0,0,YES,NO,peanut-butter-vs-almonds-protein-cost,0.40,NO,NO,NO,KEEP,Freeze: no proven duplicate (best score 0.40); not objectively thin (787 words < 700; 4 H2s; 0 external citations); no demonstrably superior target (786 words vs 787; 11 vs 5 inbound article links; search score 0 vs 0).
popcorn-vs-potato-chips-fiber-comparison,https://www.daily-life-hacks.com/popcorn-vs-potato-chips-fiber-comparison/,"Popcorn vs Potato Chips: The Fiber Numbers, Compared",nutrition,2026-02-07,2004,7,5,2,YES,5,6,0,40,8.57,0,3,0,NO,NO,,0.00,NO,NO,NO,KEEP,Freeze: no proven duplicate (best score 0.00); not objectively thin (2004 words < 700; 7 H2s; 2 external citations); has GSC or Bing search/link evidence; no demonstrably superior target (none).
prebiotic-foods-beyond-the-buzzwords,https://www.daily-life-hacks.com/prebiotic-foods-beyond-the-buzzwords/,Prebiotic Foods Beyond the Buzzwords,nutrition,2026-05-02,1162,7,7,0,YES,3,3,0,120,10.63,0,0,0,NO,NO,,0.00,NO,NO,NO,KEEP,Freeze: no proven duplicate (best score 0.00); not objectively thin (1162 words < 700; 7 H2s; 0 external citations); has GSC or Bing search/link evidence; no demonstrably superior target (none).
produce-fiber-per-dollar-ranked,https://www.daily-life-hacks.com/produce-fiber-per-dollar-ranked/,"The Cheapest High-Fiber Vegetables and Fruits, Ranked",nutrition,2026-07-13,985,4,5,0,YES,12,11,0,0,,0,0,0,YES,YES,fiber-per-dollar-cheapest-high-fiber-foods,0.55,NO,NO,YES,KEEP,Protected fixed recovery cohort; freeze for the measurement window.
protein-per-dollar-adjusted-for-quality,https://www.daily-life-hacks.com/protein-per-dollar-adjusted-for-quality/,Cheap Protein Ranked After Adjusting for Quality,nutrition,2026-07-16,1431,7,5,0,YES,11,11,0,0,,0,0,0,YES,YES,protein-per-dollar-cheapest-protein-sources,0.36,NO,NO,YES,KEEP,Protected fixed recovery cohort; freeze for the measurement window.
protein-per-dollar-cheapest-protein-sources,https://www.daily-life-hacks.com/protein-per-dollar-cheapest-protein-sources/,"Protein per Dollar: The Cheapest Protein Sources, Ranked",nutrition,2026-07-06,2587,7,5,4,YES,23,57,0,0,,0,1,0,NO,NO,plant-protein-per-dollar-ranked,0.86,NO,NO,NO,KEEP,Freeze: no proven duplicate (best score 0.86); not objectively thin (2587 words < 700; 7 H2s; 4 external citations); has GSC or Bing search/link evidence; no demonstrably superior target (1107 words vs 2587; 18 vs 57 inbound article links; search score 0 vs 1).
protein-per-serving-beans-chicken-tofu-compared,https://www.daily-life-hacks.com/protein-per-serving-beans-chicken-tofu-compared/,"Protein per Serving: Beans, Chicken, and Tofu Compared",nutrition,2026-04-07,1065,6,5,0,YES,4,3,0,24,20.75,0,0,0,NO,NO,tofu-vs-chicken-protein-cost,0.30,NO,NO,NO,KEEP,Freeze: no proven duplicate (best score 0.30); not objectively thin (1065 words < 700; 6 H2s; 0 external citations); has GSC or Bing search/link evidence; no demonstrably superior target (749 words vs 1065; 8 vs 3 inbound article links; search score 0 vs 24).
prune-juice-alternatives-for-constipation,https://www.daily-life-hacks.com/prune-juice-alternatives-for-constipation/,Prune Juice Alternatives With Actual Evidence,nutrition,2026-02-05,1041,5,5,5,YES,6,2,0,20,4.30,0,28,0,NO,NO,,0.00,NO,NO,NO,KEEP,Freeze: no proven duplicate (best score 0.00); not objectively thin (1041 words < 700; 5 H2s; 5 external citations); has GSC or Bing search/link evidence; no demonstrably superior target (none).
quick-20-minute-high-fiber-meals-for-busy-days,https://www.daily-life-hacks.com/quick-20-minute-high-fiber-meals-for-busy-days/,20-Minute High Fiber Rice and Beans Meals,recipes,2026-03-30,979,10,5,0,YES,5,8,0,0,,0,0,0,YES,NO,high-fiber-cauliflower-rice-recipes,0.25,NO,NO,NO,KEEP,Freeze: no proven duplicate (best score 0.25); not objectively thin (979 words < 450; 10 H2s; 0 external citations); no demonstrably superior target (1224 words vs 979; 2 vs 8 inbound article links; search score 0 vs 0).
quick-and-easy-stir-fry-sauce-recipes-no-bottled-stuff,https://www.daily-life-hacks.com/quick-and-easy-stir-fry-sauce-recipes-no-bottled-stuff/,Quick and Easy Stir-Fry Sauce Recipes (No Bottled Stuff!),recipes,2026-06-26,2299,10,5,0,YES,3,4,0,0,,0,0,0,YES,NO,high-fiber-stir-fry-vegetables,0.21,NO,NO,NO,KEEP,Freeze: no proven duplicate (best score 0.21); not objectively thin (2299 words < 450; 10 H2s; 0 external citations); no demonstrably superior target (803 words vs 2299; 6 vs 4 inbound article links; search score 5 vs 0).
quick-black-bean-and-corn-salsa-no-cooking-required,https://www.daily-life-hacks.com/quick-black-bean-and-corn-salsa-no-cooking-required/,Quick No-Cook Black Bean and Corn Salsa,recipes,2026-06-23,1986,9,5,0,YES,4,8,0,0,,0,0,0,YES,NO,quick-black-bean-burgers-that-hold-their-shape,0.21,NO,NO,NO,KEEP,Freeze: no proven duplicate (best score 0.21); not objectively thin (1986 words < 450; 9 H2s; 0 external citations); no demonstrably superior target (1916 words vs 1986; 5 vs 8 inbound article links; search score 0 vs 0).
quick-black-bean-burgers-that-hold-their-shape,https://www.daily-life-hacks.com/quick-black-bean-burgers-that-hold-their-shape/,Quick Black Bean Burgers That Actually Hold Together,recipes,2026-06-18,1916,8,4,0,YES,3,5,0,0,,0,0,0,YES,NO,quick-black-bean-and-corn-salsa-no-cooking-required,0.21,NO,NO,NO,KEEP,Freeze: no proven duplicate (best score 0.21); not objectively thin (1916 words < 450; 8 H2s; 0 external citations); no demonstrably superior target (1986 words vs 1916; 8 vs 5 inbound article links; search score 0 vs 0).
quick-dinner-recipes-for-family,https://www.daily-life-hacks.com/quick-dinner-recipes-for-family/,"Quick Dinner Ideas for the Family, Ready in 30 Minutes",recipes,2026-06-01,769,5,5,0,YES,3,2,0,0,,0,0,0,YES,NO,cheap-dinner-ideas-for-a-family-of-4,0.38,NO,NO,NO,KEEP,Freeze: no proven duplicate (best score 0.38); not objectively thin (769 words < 450; 5 H2s; 0 external citations); no demonstrably superior target (1059 words vs 769; 2 vs 2 inbound article links; search score 0 vs 0).
quick-dinner-recipes,https://www.daily-life-hacks.com/quick-dinner-recipes/,One-Pan Lemon Herb Chicken and Veggies,recipes,2026-05-28,784,3,4,0,YES,3,2,0,0,,0,0,0,YES,NO,quick-dinner-recipes-for-family,0.25,NO,NO,NO,KEEP,Freeze: no proven duplicate (best score 0.25); not objectively thin (784 words < 450; 3 H2s; 0 external citations); no demonstrably superior target (769 words vs 784; 2 vs 2 inbound article links; search score 0 vs 0).
ricotta-berry-toast-bar-no-cook,https://www.daily-life-hacks.com/ricotta-berry-toast-bar-no-cook/,Ricotta and Berry Toast Bar,recipes,2026-05-04,844,6,5,0,YES,4,3,0,0,,0,0,0,YES,NO,,0.00,NO,NO,NO,KEEP,Freeze: no proven duplicate (best score 0.00); not objectively thin (844 words < 450; 6 H2s; 0 external citations); no demonstrably superior target (none).
savory-chia-seed-recipes-breakfast,https://www.daily-life-hacks.com/savory-chia-seed-recipes-breakfast/,Savory Chia Seed Recipes for Breakfast,recipes,2026-04-28,854,6,5,0,YES,3,3,0,37,29.51,0,0,0,NO,NO,chia-pudding-variations-for-breakfast,0.38,NO,NO,NO,KEEP,Freeze: no proven duplicate (best score 0.38); not objectively thin (854 words < 450; 6 H2s; 0 external citations); has GSC or Bing search/link evidence; no demonstrably superior target (1220 words vs 854; 3 vs 3 inbound article links; search score 10 vs 37).
savory-oatmeal-bowls-with-eggs-and-avocado,https://www.daily-life-hacks.com/savory-oatmeal-bowls-with-eggs-and-avocado/,Savory Oatmeal Bowls with Eggs and Avocado,recipes,2026-06-26,1908,8,5,0,YES,3,15,0,0,,0,0,0,YES,NO,,0.00,NO,NO,NO,KEEP,Freeze: no proven duplicate (best score 0.00); not objectively thin (1908 words < 450; 8 H2s; 0 external citations); no demonstrably superior target (none).
selenium-containing-foods-easy-ways,https://www.daily-life-hacks.com/selenium-containing-foods-easy-ways/,Selenium-Containing Foods and Easy Meal Ideas,nutrition,2026-05-06,996,6,5,0,YES,3,3,0,119,55.96,0,0,0,NO,NO,,0.00,NO,NO,NO,KEEP,Freeze: no proven duplicate (best score 0.00); not objectively thin (996 words < 700; 6 H2s; 0 external citations); has GSC or Bing search/link evidence; no demonstrably superior target (none).
sheet-pan-breakfast-hash-with-eggs-and-sweet-potatoes,https://www.daily-life-hacks.com/sheet-pan-breakfast-hash-with-eggs-and-sweet-potatoes/,Sheet Pan Breakfast Hash with Eggs and Sweet Potatoes,recipes,2026-06-17,2126,10,4,0,YES,4,8,0,0,,0,0,0,YES,NO,,0.00,NO,NO,NO,KEEP,Freeze: no proven duplicate (best score 0.00); not objectively thin (2126 words < 450; 10 H2s; 0 external citations); no demonstrably superior target (none).
sheet-pan-ginger-tofu-broccoli-sticky-glaze,https://www.daily-life-hacks.com/sheet-pan-ginger-tofu-broccoli-sticky-glaze/,Sheet Pan Ginger Tofu and Broccoli,recipes,2026-05-07,873,6,5,1,YES,3,4,0,0,,0,0,0,YES,NO,,0.00,NO,NO,NO,KEEP,Freeze: no proven duplicate (best score 0.00); not objectively thin (873 words < 450; 6 H2s; 1 external citations); no demonstrably superior target (none).
sheet-pan-salmon-and-vegetables-30-minutes,https://www.daily-life-hacks.com/sheet-pan-salmon-and-vegetables-30-minutes/,Sheet Pan Salmon and Vegetables in 30 Minutes,recipes,2026-03-15,1216,8,5,0,YES,6,2,0,18,6.94,0,0,0,NO,NO,,0.00,NO,NO,NO,KEEP,Freeze: no proven duplicate (best score 0.00); not objectively thin (1216 words < 450; 8 H2s; 0 external citations); has GSC or Bing search/link evidence; no demonstrably superior target (none).
shelf-stable-pantry-per-dollar,https://www.daily-life-hacks.com/shelf-stable-pantry-per-dollar/,Cheap Shelf-Stable Protein: 27 Pantry Foods Ranked,nutrition,2026-07-13,1093,4,5,0,YES,13,13,0,0,,0,0,0,YES,YES,animal-protein-per-dollar-ranked,0.38,NO,NO,NO,KEEP,Protected fixed recovery cohort; freeze for the measurement window.
simple-lunch-recipes-indian-veg,https://www.daily-life-hacks.com/simple-lunch-recipes-indian-veg/,One-Pot Dal and Rice,recipes,2026-05-31,977,3,5,0,YES,3,7,0,0,,0,0,0,YES,NO,,0.00,NO,NO,NO,KEEP,Freeze: no proven duplicate (best score 0.00); not objectively thin (977 words < 450; 3 H2s; 0 external citations); no demonstrably superior target (none).
split-pea-soup-recipe-high-fiber,https://www.daily-life-hacks.com/split-pea-soup-recipe-high-fiber/,How Much Fiber in a Cup of Split Pea Soup,recipes,2026-01-16,1456,9,5,0,YES,2,17,0,4,62.25,0,18,0,NO,NO,high-fiber-raspberry-jam-recipe-chia,0.25,NO,NO,NO,KEEP,Freeze: no proven duplicate (best score 0.25); not objectively thin (1456 words < 450; 9 H2s; 0 external citations); has GSC or Bing search/link evidence; no demonstrably superior target (862 words vs 1456; 4 vs 17 inbound article links; search score 5 vs 22).
stuffed-portobello-mushrooms-quinoa-spinach-feta,https://www.daily-life-hacks.com/stuffed-portobello-mushrooms-quinoa-spinach-feta/,Stuffed Portobello Mushrooms With Quinoa and Feta,recipes,2026-05-10,886,7,5,0,YES,3,2,0,0,,0,0,0,YES,NO,,0.00,NO,NO,NO,KEEP,Freeze: no proven duplicate (best score 0.00); not objectively thin (886 words < 450; 7 H2s; 0 external citations); no demonstrably superior target (none).
tabbouleh-salad-high-fiber-bulgur,https://www.daily-life-hacks.com/tabbouleh-salad-high-fiber-bulgur/,Fresh Tabbouleh Salad With Bulgur and Herbs,recipes,2026-01-14,981,8,5,1,YES,3,3,0,0,,0,0,0,YES,NO,high-fiber-salad-dressings-homemade,0.33,NO,NO,YES,KEEP,Freeze: no proven duplicate (best score 0.33); not objectively thin (981 words < 450; 8 H2s; 1 external citations).
tofu-vs-chicken-protein-cost,https://www.daily-life-hacks.com/tofu-vs-chicken-protein-cost/,Tofu vs Chicken: Which Is Cheaper Protein?,nutrition,2026-07-26,749,4,5,0,YES,8,8,0,0,,0,0,0,YES,NO,chicken-thighs-vs-breast-protein-cost,0.62,NO,NO,NO,KEEP,Freeze: no proven duplicate (best score 0.62); not objectively thin (749 words < 700; 4 H2s; 0 external citations); no demonstrably superior target (766 words vs 749; 13 vs 8 inbound article links; search score 0 vs 0).
tuscan-white-bean-kale-soup-stovetop,https://www.daily-life-hacks.com/tuscan-white-bean-kale-soup-stovetop/,Tuscan White Bean and Kale Soup (Simple Stovetop Version),recipes,2026-04-12,896,6,5,0,YES,5,4,0,0,,0,0,0,YES,NO,,0.00,NO,NO,NO,KEEP,Freeze: no proven duplicate (best score 0.00); not objectively thin (896 words < 450; 6 H2s; 0 external citations); no demonstrably superior target (none).
usda-thrifty-food-plan-weekly-cost,https://www.daily-life-hacks.com/usda-thrifty-food-plan-weekly-cost/,Grocery Budget for a Family of 4: What USDA Says,nutrition,2026-07-14,1238,6,5,3,YES,9,6,0,0,,0,0,0,YES,NO,,0.00,NO,NO,NO,KEEP,Freeze: no proven duplicate (best score 0.00); not objectively thin (1238 words < 700; 6 H2s; 3 external citations); no demonstrably superior target (none).
vegan-high-fiber-meal-prep-for-week,https://www.daily-life-hacks.com/vegan-high-fiber-meal-prep-for-week/,Five-Day Vegan Meal Prep With Crispy Tofu and Quinoa,recipes,2026-01-10,843,6,5,0,YES,4,5,0,2,7.00,0,0,0,NO,NO,high-fiber-quinoa-salad-for-lunch-prep,0.33,NO,NO,NO,KEEP,Freeze: no proven duplicate (best score 0.33); not objectively thin (843 words < 450; 6 H2s; 0 external citations); has GSC or Bing search/link evidence; no demonstrably superior target (863 words vs 843; 3 vs 5 inbound article links; search score 0 vs 2).
vegetarian-high-fiber-dinners-for-natural-relief,https://www.daily-life-hacks.com/vegetarian-high-fiber-dinners-for-natural-relief/,Chickpea Cauliflower Curry for an Easy Vegetarian Dinner,recipes,2026-01-18,990,8,5,2,YES,3,3,0,0,,0,0,0,YES,NO,lentil-curry-high-fiber-vegan-dinner,0.31,NO,NO,NO,KEEP,Freeze: no proven duplicate (best score 0.31); not objectively thin (990 words < 450; 8 H2s; 2 external citations); no demonstrably superior target (942 words vs 990; 17 vs 3 inbound article links; search score 2 vs 0).
water-and-fiber-the-golden-rule,https://www.daily-life-hacks.com/water-and-fiber-the-golden-rule/,Water and Fiber: What the Golden Rule Gets Wrong,nutrition,2026-02-11,1122,6,5,6,YES,5,4,0,0,,0,0,0,YES,NO,,0.00,NO,NO,NO,KEEP,Freeze: no proven duplicate (best score 0.00); not objectively thin (1122 words < 700; 6 H2s; 6 external citations); no demonstrably superior target (none).
what-30-grams-of-fiber-costs-per-day,https://www.daily-life-hacks.com/what-30-grams-of-fiber-costs-per-day/,What a Day of 30 Grams of Fiber Actually Costs,nutrition,2026-07-08,1923,9,5,3,YES,18,9,0,0,,0,0,0,YES,NO,what-50-grams-of-protein-costs-per-day,0.71,NO,NO,NO,KEEP,Freeze: no proven duplicate (best score 0.71); not objectively thin (1923 words < 700; 9 H2s; 3 external citations); no demonstrably superior target (2104 words vs 1923; 18 vs 9 inbound article links; search score 0 vs 0).
what-50-grams-of-protein-costs-per-day,https://www.daily-life-hacks.com/what-50-grams-of-protein-costs-per-day/,What a Day of 50 Grams of Protein Actually Costs,nutrition,2026-07-12,2104,9,5,6,YES,20,18,0,0,,0,0,0,YES,NO,what-30-grams-of-fiber-costs-per-day,0.71,NO,NO,NO,KEEP,Freeze: no proven duplicate (best score 0.71); not objectively thin (2104 words < 700; 9 H2s; 6 external citations); no demonstrably superior target (1923 words vs 2104; 9 vs 18 inbound article links; search score 0 vs 0).
what-beans-for-red-beans-and-rice,https://www.daily-life-hacks.com/what-beans-for-red-beans-and-rice/,What Beans for Red Beans and Rice?,tips,2026-07-28,990,5,5,1,YES,8,2,0,0,,0,0,0,YES,NO,,0.00,NO,NO,NO,KEEP,Freeze: no proven duplicate (best score 0.00); not objectively thin (990 words < 700; 5 H2s; 1 external citations); no demonstrably superior target (none).
which-dried-beans-have-the-most-protein,https://www.daily-life-hacks.com/which-dried-beans-have-the-most-protein/,Which Dried Beans Have the Most Protein?,nutrition,2026-07-28,909,5,5,0,YES,12,2,0,0,,0,0,0,YES,NO,ground-beef-vs-beans-protein-cost,0.30,NO,NO,NO,KEEP,Freeze: no proven duplicate (best score 0.30); not objectively thin (909 words < 700; 5 H2s; 0 external citations); no demonstrably superior target (784 words vs 909; 28 vs 2 inbound article links; search score 0 vs 0).
which-foods-are-complete-proteins,https://www.daily-life-hacks.com/which-foods-are-complete-proteins/,Which Foods Are Complete Proteins?,nutrition,2026-07-28,1039,5,5,0,YES,10,2,0,0,,0,0,0,YES,NO,,0.00,NO,NO,NO,KEEP,Freeze: no proven duplicate (best score 0.00); not objectively thin (1039 words < 700; 5 H2s; 0 external citations); no demonstrably superior target (none).
which-lentils-are-the-best,https://www.daily-life-hacks.com/which-lentils-are-the-best/,"Which Lentils Are the Best? Brown, Red, Split",nutrition,2026-07-28,899,5,5,0,YES,9,3,0,0,,0,0,0,YES,NO,,0.00,NO,NO,NO,KEEP,Freeze: no proven duplicate (best score 0.00); not objectively thin (899 words < 700; 5 H2s; 0 external citations); no demonstrably superior target (none).
whole-wheat-flour-vs-quinoa-fiber-cost,https://www.daily-life-hacks.com/whole-wheat-flour-vs-quinoa-fiber-cost/,Whole Wheat Flour vs Quinoa: Which Fiber Is Cheaper?,nutrition,2026-07-26,834,4,5,0,YES,10,14,0,0,,0,0,0,YES,NO,popcorn-vs-almonds-fiber-cost,0.36,NO,NO,NO,KEEP,Freeze: no proven duplicate (best score 0.36); not objectively thin (834 words < 700; 4 H2s; 0 external citations); no demonstrably superior target (787 words vs 834; 5 vs 14 inbound article links; search score 0 vs 0).
whole-wheat-vs-white-pasta-fiber,https://www.daily-life-hacks.com/whole-wheat-vs-white-pasta-fiber/,"Whole Wheat vs White Pasta: The Fiber Difference, Measured",nutrition,2026-01-03,2058,7,5,0,YES,5,6,0,9,38.33,0,1,0,NO,NO,whole-wheat-flour-vs-quinoa-fiber-cost,0.25,NO,NO,NO,KEEP,Freeze: no proven duplicate (best score 0.25); not objectively thin (2058 words < 700; 7 H2s; 0 external citations); has GSC or Bing search/link evidence; no demonstrably superior target (834 words vs 2058; 14 vs 6 inbound article links; search score 0 vs 10).
why-grocery-bill-went-up-after-cooking-more,https://www.daily-life-hacks.com/why-grocery-bill-went-up-after-cooking-more/,Why Your Grocery Bill Went Up After Cooking More,tips,2026-07-19,978,6,5,1,YES,4,4,0,0,,0,0,0,YES,NO,,0.00,NO,NO,NO,KEEP,Freeze: no proven duplicate (best score 0.00); not objectively thin (978 words < 700; 6 H2s; 1 external citations); no demonstrably superior target (none).
zinc-containing-foods-weekly-meals,https://www.daily-life-hacks.com/zinc-containing-foods-weekly-meals/,Zinc-Containing Foods to Rotate Into Weekly Meals,nutrition,2026-04-13,868,5,5,0,YES,3,2,0,0,,0,1,0,NO,NO,,0.00,NO,NO,NO,KEEP,Freeze: no proven duplicate (best score 0.00); not objectively thin (868 words < 700; 5 H2s; 0 external citations); has GSC or Bing search/link evidence; no demonstrably superior target (none).
